,date,city,precipitation,month,year
0,2020-01-01,NYC,0.0,1,2020
1,2020-01-02,NYC,0.0,1,2020
2,2020-01-03,NYC,0.13,1,2020
3,2020-01-04,NYC,0.16,1,2020
4,2020-01-05,NYC,0.0,1,2020
5,2020-01-06,NYC,0.03,1,2020
6,2020-01-07,NYC,0.03,1,2020
7,2020-01-08,NYC,0.0,1,2020
8,2020-01-09,NYC,0.0,1,2020
9,2020-01-10,NYC,0.0,1,2020
10,2020-01-11,NYC,0.0,1,2020
11,2020-01-12,NYC,0.03,1,2020
12,2020-01-13,NYC,0.0,1,2020
13,2020-01-14,NYC,0.03,1,2020
14,2020-01-15,NYC,0.0,1,2020
15,2020-01-16,NYC,0.03,1,2020
16,2020-01-17,NYC,0.0,1,2020
17,2020-01-18,NYC,0.58,1,2020
18,2020-01-19,NYC,0.0,1,2020
19,2020-01-20,NYC,0.0,1,2020
20,2020-01-21,NYC,0.0,1,2020
21,2020-01-22,NYC,0.0,1,2020
22,2020-01-23,NYC,0.0,1,2020
23,2020-01-24,NYC,0.0,1,2020
24,2020-01-25,NYC,0.89,1,2020
25,2020-01-26,NYC,0.0,1,2020
26,2020-01-27,NYC,0.0,1,2020
27,2020-01-28,NYC,0.0,1,2020
28,2020-01-29,NYC,0.0,1,2020
29,2020-01-30,NYC,0.0,1,2020
30,2020-01-31,NYC,0.02,1,2020
31,2020-02-01,NYC,0.04,2,2020
32,2020-02-02,NYC,0.01,2,2020
33,2020-02-03,NYC,0.0,2,2020
34,2020-02-04,NYC,0.03,2,2020
35,2020-02-05,NYC,0.0,2,2020
36,2020-02-06,NYC,0.7,2,2020
37,2020-02-07,NYC,0.28,2,2020
38,2020-02-08,NYC,0.0,2,2020
39,2020-02-09,NYC,0.0,2,2020
40,2020-02-10,NYC,0.38,2,2020
41,2020-02-11,NYC,0.33,2,2020
42,2020-02-12,NYC,0.12,2,2020
43,2020-02-13,NYC,0.31,2,2020
44,2020-02-14,NYC,0.0,2,2020
45,2020-02-15,NYC,0.0,2,2020
46,2020-02-16,NYC,0.0,2,2020
47,2020-02-17,NYC,0.0,2,2020
48,2020-02-18,NYC,0.0,2,2020
49,2020-02-19,NYC,0.0,2,2020
50,2020-02-20,NYC,0.0,2,2020
51,2020-02-21,NYC,0.0,2,2020
52,2020-02-22,NYC,0.0,2,2020
53,2020-02-23,NYC,0.0,2,2020
54,2020-02-24,NYC,0.0,2,2020
55,2020-02-25,NYC,0.19,2,2020
56,2020-02-26,NYC,0.02,2,2020
57,2020-02-27,NYC,1.0,2,2020
58,2020-02-28,NYC,0.0,2,2020
59,2020-02-29,NYC,0.0,2,2020
60,2020-03-01,NYC,0.0,3,2020
61,2020-03-02,NYC,0.0,3,2020
62,2020-03-03,NYC,0.28,3,2020
63,2020-03-04,NYC,0.0,3,2020
64,2020-03-05,NYC,0.0,3,2020
65,2020-03-06,NYC,0.07,3,2020
66,2020-03-07,NYC,0.0,3,2020
67,2020-03-08,NYC,0.0,3,2020
68,2020-03-09,NYC,0.0,3,2020
69,2020-03-10,NYC,0.0,3,2020
70,2020-03-11,NYC,0.0,3,2020
71,2020-03-12,NYC,0.05,3,2020
72,2020-03-13,NYC,0.3,3,2020
73,2020-03-14,NYC,0.0,3,2020
74,2020-03-15,NYC,0.0,3,2020
75,2020-03-16,NYC,0.0,3,2020
76,2020-03-17,NYC,0.18,3,2020
77,2020-03-18,NYC,0.01,3,2020
78,2020-03-19,NYC,1.07,3,2020
79,2020-03-20,NYC,0.0,3,2020
80,2020-03-21,NYC,0.0,3,2020
81,2020-03-22,NYC,0.0,3,2020
82,2020-03-23,NYC,1.28,3,2020
83,2020-03-24,NYC,0.0,3,2020
84,2020-03-25,NYC,0.0,3,2020
85,2020-03-26,NYC,0.0,3,2020
86,2020-03-27,NYC,0.0,3,2020
87,2020-03-28,NYC,0.37,3,2020
88,2020-03-29,NYC,0.09,3,2020
89,2020-03-30,NYC,0.04,3,2020
90,2020-03-31,NYC,0.02,3,2020
91,2020-04-01,NYC,0.0,4,2020
92,2020-04-02,NYC,0.0,4,2020
93,2020-04-03,NYC,0.01,4,2020
94,2020-04-04,NYC,0.0,4,2020
95,2020-04-05,NYC,0.0,4,2020
96,2020-04-06,NYC,0.06,4,2020
97,2020-04-07,NYC,0.0,4,2020
98,2020-04-08,NYC,0.18,4,2020
99,2020-04-09,NYC,0.13,4,2020
100,2020-04-10,NYC,0.0,4,2020
101,2020-04-11,NYC,0.0,4,2020
102,2020-04-12,NYC,0.0,4,2020
103,2020-04-13,NYC,1.14,4,2020
104,2020-04-14,NYC,0.0,4,2020
105,2020-04-15,NYC,0.0,4,2020
106,2020-04-16,NYC,0.0,4,2020
107,2020-04-17,NYC,0.04,4,2020
108,2020-04-18,NYC,0.09,4,2020
109,2020-04-19,NYC,0.0,4,2020
110,2020-04-20,NYC,0.0,4,2020
111,2020-04-21,NYC,0.36,4,2020
112,2020-04-22,NYC,0.0,4,2020
113,2020-04-23,NYC,0.13,4,2020
114,2020-04-24,NYC,0.6,4,2020
115,2020-04-25,NYC,0.0,4,2020
116,2020-04-26,NYC,0.17,4,2020
117,2020-04-27,NYC,0.0,4,2020
118,2020-04-28,NYC,0.0,4,2020
119,2020-04-29,NYC,0.01,4,2020
120,2020-04-30,NYC,0.37,4,2020
121,2020-05-01,NYC,0.22,5,2020
122,2020-05-02,NYC,0.0,5,2020
123,2020-05-03,NYC,0.11,5,2020
124,2020-05-04,NYC,0.01,5,2020
125,2020-05-05,NYC,0.0,5,2020
126,2020-05-06,NYC,0.02,5,2020
127,2020-05-07,NYC,0.0,5,2020
128,2020-05-08,NYC,0.32,5,2020
129,2020-05-09,NYC,0.03,5,2020
130,2020-05-10,NYC,0.0,5,2020
131,2020-05-11,NYC,0.03,5,2020
132,2020-05-12,NYC,0.0,5,2020
133,2020-05-13,NYC,0.0,5,2020
134,2020-05-14,NYC,0.0,5,2020
135,2020-05-15,NYC,0.03,5,2020
136,2020-05-16,NYC,0.02,5,2020
137,2020-05-17,NYC,0.0,5,2020
138,2020-05-18,NYC,0.0,5,2020
139,2020-05-19,NYC,0.0,5,2020
140,2020-05-20,NYC,0.0,5,2020
141,2020-05-21,NYC,0.0,5,2020
142,2020-05-22,NYC,0.01,5,2020
143,2020-05-23,NYC,0.52,5,2020
144,2020-05-24,NYC,0.0,5,2020
145,2020-05-25,NYC,0.0,5,2020
146,2020-05-26,NYC,0.0,5,2020
147,2020-05-27,NYC,0.0,5,2020
148,2020-05-28,NYC,0.01,5,2020
149,2020-05-29,NYC,0.0,5,2020
150,2020-05-30,NYC,0.0,5,2020
151,2020-05-31,NYC,0.0,5,2020
152,2020-06-01,NYC,0.0,6,2020
153,2020-06-02,NYC,0.0,6,2020
154,2020-06-03,NYC,0.55,6,2020
155,2020-06-04,NYC,0.1,6,2020
156,2020-06-05,NYC,0.79,6,2020
157,2020-06-06,NYC,0.16,6,2020
158,2020-06-07,NYC,0.0,6,2020
159,2020-06-08,NYC,0.0,6,2020
160,2020-06-09,NYC,0.0,6,2020
161,2020-06-10,NYC,0.0,6,2020
162,2020-06-11,NYC,0.77,6,2020
163,2020-06-12,NYC,0.0,6,2020
164,2020-06-13,NYC,0.0,6,2020
165,2020-06-14,NYC,0.0,6,2020
166,2020-06-15,NYC,0.0,6,2020
167,2020-06-16,NYC,0.0,6,2020
168,2020-06-17,NYC,0.0,6,2020
169,2020-06-18,NYC,0.0,6,2020
170,2020-06-19,NYC,0.0,6,2020
171,2020-06-20,NYC,0.0,6,2020
172,2020-06-21,NYC,0.0,6,2020
173,2020-06-22,NYC,0.0,6,2020
174,2020-06-23,NYC,0.0,6,2020
175,2020-06-24,NYC,0.0,6,2020
176,2020-06-25,NYC,0.0,6,2020
177,2020-06-26,NYC,0.0,6,2020
178,2020-06-27,NYC,0.25,6,2020
179,2020-06-28,NYC,0.52,6,2020
180,2020-06-29,NYC,0.02,6,2020
181,2020-06-30,NYC,0.0,6,2020
182,2020-07-01,NYC,0.06,7,2020
183,2020-07-02,NYC,0.0,7,2020
184,2020-07-03,NYC,0.42,7,2020
185,2020-07-04,NYC,0.0,7,2020
186,2020-07-05,NYC,0.0,7,2020
187,2020-07-06,NYC,0.03,7,2020
188,2020-07-07,NYC,0.0,7,2020
189,2020-07-08,NYC,0.02,7,2020
190,2020-07-09,NYC,0.0,7,2020
191,2020-07-10,NYC,2.33,7,2020
192,2020-07-11,NYC,0.04,7,2020
193,2020-07-12,NYC,0.0,7,2020
194,2020-07-13,NYC,0.0,7,2020
195,2020-07-14,NYC,0.0,7,2020
196,2020-07-15,NYC,0.0,7,2020
197,2020-07-16,NYC,0.0,7,2020
198,2020-07-17,NYC,0.1,7,2020
199,2020-07-18,NYC,0.0,7,2020
200,2020-07-19,NYC,0.0,7,2020
201,2020-07-20,NYC,0.0,7,2020
202,2020-07-21,NYC,0.0,7,2020
203,2020-07-22,NYC,0.69,7,2020
204,2020-07-23,NYC,0.05,7,2020
205,2020-07-24,NYC,0.35,7,2020
206,2020-07-25,NYC,0.0,7,2020
207,2020-07-26,NYC,0.0,7,2020
208,2020-07-27,NYC,0.0,7,2020
209,2020-07-28,NYC,0.0,7,2020
210,2020-07-29,NYC,0.0,7,2020
211,2020-07-30,NYC,0.0,7,2020
212,2020-07-31,NYC,1.07,7,2020
213,2020-08-01,NYC,0.0,8,2020
214,2020-08-02,NYC,0.0,8,2020
215,2020-08-03,NYC,0.13,8,2020
216,2020-08-04,NYC,0.12,8,2020
217,2020-08-05,NYC,0.0,8,2020
218,2020-08-06,NYC,0.03,8,2020
219,2020-08-07,NYC,0.36,8,2020
220,2020-08-08,NYC,0.0,8,2020
221,2020-08-09,NYC,0.0,8,2020
222,2020-08-10,NYC,0.0,8,2020
223,2020-08-11,NYC,0.0,8,2020
224,2020-08-12,NYC,0.5,8,2020
225,2020-08-13,NYC,0.01,8,2020
226,2020-08-14,NYC,0.0,8,2020
227,2020-08-15,NYC,0.0,8,2020
228,2020-08-16,NYC,0.29,8,2020
229,2020-08-17,NYC,0.06,8,2020
230,2020-08-18,NYC,0.07,8,2020
231,2020-08-19,NYC,0.35,8,2020
232,2020-08-20,NYC,0.0,8,2020
233,2020-08-21,NYC,0.0,8,2020
234,2020-08-22,NYC,0.0,8,2020
235,2020-08-23,NYC,0.0,8,2020
236,2020-08-24,NYC,0.0,8,2020
237,2020-08-25,NYC,0.08,8,2020
238,2020-08-26,NYC,0.0,8,2020
239,2020-08-27,NYC,0.69,8,2020
240,2020-08-28,NYC,0.03,8,2020
241,2020-08-29,NYC,0.1,8,2020
242,2020-08-30,NYC,0.0,8,2020
243,2020-08-31,NYC,0.0,8,2020
244,2020-09-01,NYC,0.2,9,2020
245,2020-09-02,NYC,0.07,9,2020
246,2020-09-03,NYC,0.51,9,2020
247,2020-09-04,NYC,0.0,9,2020
248,2020-09-05,NYC,0.0,9,2020
249,2020-09-06,NYC,0.0,9,2020
250,2020-09-07,NYC,0.0,9,2020
251,2020-09-08,NYC,0.0,9,2020
252,2020-09-09,NYC,0.0,9,2020
253,2020-09-10,NYC,1.36,9,2020
254,2020-09-11,NYC,0.0,9,2020
255,2020-09-12,NYC,0.0,9,2020
256,2020-09-13,NYC,0.0,9,2020
257,2020-09-14,NYC,0.0,9,2020
258,2020-09-15,NYC,0.0,9,2020
259,2020-09-16,NYC,0.0,9,2020
260,2020-09-17,NYC,0.0,9,2020
261,2020-09-18,NYC,0.04,9,2020
262,2020-09-19,NYC,0.0,9,2020
263,2020-09-20,NYC,0.0,9,2020
264,2020-09-21,NYC,0.0,9,2020
265,2020-09-22,NYC,0.0,9,2020
266,2020-09-23,NYC,0.0,9,2020
267,2020-09-24,NYC,0.0,9,2020
268,2020-09-25,NYC,0.0,9,2020
269,2020-09-26,NYC,0.0,9,2020
270,2020-09-27,NYC,0.06,9,2020
271,2020-09-28,NYC,0.04,9,2020
272,2020-09-29,NYC,0.13,9,2020
273,2020-09-30,NYC,0.45,9,2020
274,2020-10-01,NYC,0.0,10,2020
275,2020-10-02,NYC,0.04,10,2020
276,2020-10-03,NYC,0.0,10,2020
277,2020-10-04,NYC,0.0,10,2020
278,2020-10-05,NYC,0.0,10,2020
279,2020-10-06,NYC,0.07,10,2020
280,2020-10-07,NYC,0.0,10,2020
281,2020-10-08,NYC,0.0,10,2020
282,2020-10-09,NYC,0.0,10,2020
283,2020-10-10,NYC,0.0,10,2020
284,2020-10-11,NYC,0.0,10,2020
285,2020-10-12,NYC,1.1,10,2020
286,2020-10-13,NYC,0.14,10,2020
287,2020-10-14,NYC,0.0,10,2020
288,2020-10-15,NYC,0.0,10,2020
289,2020-10-16,NYC,1.54,10,2020
290,2020-10-17,NYC,0.15,10,2020
291,2020-10-18,NYC,0.0,10,2020
292,2020-10-19,NYC,0.0,10,2020
293,2020-10-20,NYC,0.03,10,2020
294,2020-10-21,NYC,0.0,10,2020
295,2020-10-22,NYC,0.0,10,2020
296,2020-10-23,NYC,0.01,10,2020
297,2020-10-24,NYC,0.0,10,2020
298,2020-10-25,NYC,0.02,10,2020
299,2020-10-26,NYC,0.11,10,2020
300,2020-10-27,NYC,0.0,10,2020
301,2020-10-28,NYC,0.1,10,2020
302,2020-10-29,NYC,1.19,10,2020
303,2020-10-30,NYC,0.48,10,2020
304,2020-10-31,NYC,0.0,10,2020
305,2020-11-01,NYC,0.61,11,2020
306,2020-11-02,NYC,0.0,11,2020
307,2020-11-03,NYC,0.0,11,2020
308,2020-11-04,NYC,0.0,11,2020
309,2020-11-05,NYC,0.0,11,2020
310,2020-11-06,NYC,0.0,11,2020
311,2020-11-07,NYC,0.0,11,2020
312,2020-11-08,NYC,0.0,11,2020
313,2020-11-09,NYC,0.0,11,2020
314,2020-11-10,NYC,0.0,11,2020
315,2020-11-11,NYC,0.86,11,2020
316,2020-11-12,NYC,0.32,11,2020
317,2020-11-13,NYC,0.15,11,2020
318,2020-11-14,NYC,0.0,11,2020
319,2020-11-15,NYC,0.34,11,2020
320,2020-11-16,NYC,0.0,11,2020
321,2020-11-17,NYC,0.0,11,2020
322,2020-11-18,NYC,0.0,11,2020
323,2020-11-19,NYC,0.0,11,2020
324,2020-11-20,NYC,0.0,11,2020
325,2020-11-21,NYC,0.0,11,2020
326,2020-11-22,NYC,0.01,11,2020
327,2020-11-23,NYC,0.75,11,2020
328,2020-11-24,NYC,0.0,11,2020
329,2020-11-25,NYC,0.0,11,2020
330,2020-11-26,NYC,0.47,11,2020
331,2020-11-27,NYC,0.0,11,2020
332,2020-11-28,NYC,0.0,11,2020
333,2020-11-29,NYC,0.0,11,2020
334,2020-11-30,NYC,1.14,11,2020
335,2020-12-01,NYC,0.0,12,2020
336,2020-12-02,NYC,0.0,12,2020
337,2020-12-03,NYC,0.0,12,2020
338,2020-12-04,NYC,0.1,12,2020
339,2020-12-05,NYC,1.13,12,2020
340,2020-12-06,NYC,0.0,12,2020
341,2020-12-07,NYC,0.0,12,2020
342,2020-12-08,NYC,0.0,12,2020
343,2020-12-09,NYC,0.01,12,2020
344,2020-12-10,NYC,0.0,12,2020
345,2020-12-11,NYC,0.0,12,2020
346,2020-12-12,NYC,0.0,12,2020
347,2020-12-13,NYC,0.0,12,2020
348,2020-12-14,NYC,0.28,12,2020
349,2020-12-15,NYC,0.0,12,2020
350,2020-12-16,NYC,0.39,12,2020
351,2020-12-17,NYC,0.48,12,2020
352,2020-12-18,NYC,0.0,12,2020
353,2020-12-19,NYC,0.0,12,2020
354,2020-12-20,NYC,0.08,12,2020
355,2020-12-21,NYC,0.0,12,2020
356,2020-12-22,NYC,0.0,12,2020
357,2020-12-23,NYC,0.0,12,2020
358,2020-12-24,NYC,0.12,12,2020
359,2020-12-25,NYC,0.59,12,2020
360,2020-12-26,NYC,0.0,12,2020
361,2020-12-27,NYC,0.0,12,2020
362,2020-12-28,NYC,0.0,12,2020
363,2020-12-29,NYC,0.0,12,2020
364,2020-12-30,NYC,0.0,12,2020
365,2020-12-31,NYC,0.36,12,2020
366,2021-01-01,NYC,0.63,1,2021
367,2021-01-02,NYC,0.07,1,2021
368,2021-01-03,NYC,0.12,1,2021
369,2021-01-04,NYC,0.01,1,2021
370,2021-01-05,NYC,0.0,1,2021
371,2021-01-06,NYC,0.0,1,2021
372,2021-01-07,NYC,0.0,1,2021
373,2021-01-08,NYC,0.0,1,2021
374,2021-01-09,NYC,0.0,1,2021
375,2021-01-10,NYC,0.0,1,2021
376,2021-01-11,NYC,0.0,1,2021
377,2021-01-12,NYC,0.0,1,2021
378,2021-01-13,NYC,0.0,1,2021
379,2021-01-14,NYC,0.0,1,2021
380,2021-01-15,NYC,0.36,1,2021
381,2021-01-16,NYC,0.88,1,2021
382,2021-01-17,NYC,0.0,1,2021
383,2021-01-18,NYC,0.0,1,2021
384,2021-01-19,NYC,0.0,1,2021
385,2021-01-20,NYC,0.02,1,2021
386,2021-01-21,NYC,0.0,1,2021
387,2021-01-22,NYC,0.0,1,2021
388,2021-01-23,NYC,0.0,1,2021
389,2021-01-24,NYC,0.0,1,2021
390,2021-01-25,NYC,0.0,1,2021
391,2021-01-26,NYC,0.13,1,2021
392,2021-01-27,NYC,0.0,1,2021
393,2021-01-28,NYC,0.0,1,2021
394,2021-01-29,NYC,0.0,1,2021
395,2021-01-30,NYC,0.0,1,2021
396,2021-01-31,NYC,0.06,1,2021
397,2021-02-01,NYC,1.32,2,2021
398,2021-02-02,NYC,0.03,2,2021
399,2021-02-03,NYC,0.0,2,2021
400,2021-02-04,NYC,0.0,2,2021
401,2021-02-05,NYC,0.02,2,2021
402,2021-02-06,NYC,0.0,2,2021
403,2021-02-07,NYC,0.46,2,2021
404,2021-02-08,NYC,0.0,2,2021
405,2021-02-09,NYC,0.01,2,2021
406,2021-02-10,NYC,0.0,2,2021
407,2021-02-11,NYC,0.18,2,2021
408,2021-02-12,NYC,0.0,2,2021
409,2021-02-13,NYC,0.01,2,2021
410,2021-02-14,NYC,0.0,2,2021
411,2021-02-15,NYC,0.0,2,2021
412,2021-02-16,NYC,0.74,2,2021
413,2021-02-17,NYC,0.0,2,2021
414,2021-02-18,NYC,0.68,2,2021
415,2021-02-19,NYC,0.06,2,2021
416,2021-02-20,NYC,0.0,2,2021
417,2021-02-21,NYC,0.0,2,2021
418,2021-02-22,NYC,0.58,2,2021
419,2021-02-23,NYC,0.0,2,2021
420,2021-02-24,NYC,0.0,2,2021
421,2021-02-25,NYC,0.0,2,2021
422,2021-02-26,NYC,0.0,2,2021
423,2021-02-27,NYC,0.43,2,2021
424,2021-02-28,NYC,0.25,2,2021
425,2021-03-01,NYC,0.15,3,2021
426,2021-03-02,NYC,0.0,3,2021
427,2021-03-03,NYC,0.0,3,2021
428,2021-03-04,NYC,0.0,3,2021
429,2021-03-05,NYC,0.0,3,2021
430,2021-03-06,NYC,0.0,3,2021
431,2021-03-07,NYC,0.0,3,2021
432,2021-03-08,NYC,0.0,3,2021
433,2021-03-09,NYC,0.0,3,2021
434,2021-03-10,NYC,0.0,3,2021
435,2021-03-11,NYC,0.0,3,2021
436,2021-03-12,NYC,0.0,3,2021
437,2021-03-13,NYC,0.0,3,2021
438,2021-03-14,NYC,0.0,3,2021
439,2021-03-15,NYC,0.0,3,2021
440,2021-03-16,NYC,0.01,3,2021
441,2021-03-17,NYC,0.0,3,2021
442,2021-03-18,NYC,0.64,3,2021
443,2021-03-19,NYC,0.08,3,2021
444,2021-03-20,NYC,0.0,3,2021
445,2021-03-21,NYC,0.0,3,2021
446,2021-03-22,NYC,0.0,3,2021
447,2021-03-23,NYC,0.0,3,2021
448,2021-03-24,NYC,0.69,3,2021
449,2021-03-25,NYC,0.02,3,2021
450,2021-03-26,NYC,0.0,3,2021
451,2021-03-27,NYC,0.0,3,2021
452,2021-03-28,NYC,0.79,3,2021
453,2021-03-29,NYC,0.0,3,2021
454,2021-03-30,NYC,0.0,3,2021
455,2021-03-31,NYC,0.7,3,2021
456,2021-04-01,NYC,0.03,4,2021
457,2021-04-02,NYC,0.0,4,2021
458,2021-04-03,NYC,0.0,4,2021
459,2021-04-04,NYC,0.0,4,2021
460,2021-04-05,NYC,0.0,4,2021
461,2021-04-06,NYC,0.0,4,2021
462,2021-04-07,NYC,0.0,4,2021
463,2021-04-08,NYC,0.0,4,2021
464,2021-04-09,NYC,0.0,4,2021
465,2021-04-10,NYC,0.06,4,2021
466,2021-04-11,NYC,0.44,4,2021
467,2021-04-12,NYC,0.49,4,2021
468,2021-04-13,NYC,0.06,4,2021
469,2021-04-14,NYC,0.0,4,2021
470,2021-04-15,NYC,0.82,4,2021
471,2021-04-16,NYC,0.09,4,2021
472,2021-04-17,NYC,0.0,4,2021
473,2021-04-18,NYC,0.0,4,2021
474,2021-04-19,NYC,0.0,4,2021
475,2021-04-20,NYC,0.0,4,2021
476,2021-04-21,NYC,0.07,4,2021
477,2021-04-22,NYC,0.0,4,2021
478,2021-04-23,NYC,0.0,4,2021
479,2021-04-24,NYC,0.0,4,2021
480,2021-04-25,NYC,0.5,4,2021
481,2021-04-26,NYC,0.0,4,2021
482,2021-04-27,NYC,0.0,4,2021
483,2021-04-28,NYC,0.0,4,2021
484,2021-04-29,NYC,0.1,4,2021
485,2021-04-30,NYC,0.02,4,2021
486,2021-05-01,NYC,0.0,5,2021
487,2021-05-02,NYC,0.0,5,2021
488,2021-05-03,NYC,0.23,5,2021
489,2021-05-04,NYC,0.52,5,2021
490,2021-05-05,NYC,0.31,5,2021
491,2021-05-06,NYC,0.0,5,2021
492,2021-05-07,NYC,0.0,5,2021
493,2021-05-08,NYC,0.04,5,2021
494,2021-05-09,NYC,0.42,5,2021
495,2021-05-10,NYC,0.01,5,2021
496,2021-05-11,NYC,0.0,5,2021
497,2021-05-12,NYC,0.0,5,2021
498,2021-05-13,NYC,0.0,5,2021
499,2021-05-14,NYC,0.0,5,2021
500,2021-05-15,NYC,0.0,5,2021
501,2021-05-16,NYC,0.0,5,2021
502,2021-05-17,NYC,0.0,5,2021
503,2021-05-18,NYC,0.0,5,2021
504,2021-05-19,NYC,0.0,5,2021
505,2021-05-20,NYC,0.0,5,2021
506,2021-05-21,NYC,0.0,5,2021
507,2021-05-22,NYC,0.0,5,2021
508,2021-05-23,NYC,0.0,5,2021
509,2021-05-24,NYC,0.0,5,2021
510,2021-05-25,NYC,0.0,5,2021
511,2021-05-26,NYC,0.07,5,2021
512,2021-05-27,NYC,0.04,5,2021
513,2021-05-28,NYC,1.08,5,2021
514,2021-05-29,NYC,0.86,5,2021
515,2021-05-30,NYC,0.94,5,2021
516,2021-05-31,NYC,0.0,5,2021
517,2021-06-01,NYC,0.0,6,2021
518,2021-06-02,NYC,0.0,6,2021
519,2021-06-03,NYC,0.23,6,2021
520,2021-06-04,NYC,0.39,6,2021
521,2021-06-05,NYC,0.0,6,2021
522,2021-06-06,NYC,0.0,6,2021
523,2021-06-07,NYC,0.0,6,2021
524,2021-06-08,NYC,0.57,6,2021
525,2021-06-09,NYC,0.0,6,2021
526,2021-06-10,NYC,0.0,6,2021
527,2021-06-11,NYC,0.0,6,2021
528,2021-06-12,NYC,0.0,6,2021
529,2021-06-13,NYC,0.0,6,2021
530,2021-06-14,NYC,0.06,6,2021
531,2021-06-15,NYC,0.07,6,2021
532,2021-06-16,NYC,0.0,6,2021
533,2021-06-17,NYC,0.0,6,2021
534,2021-06-18,NYC,0.0,6,2021
535,2021-06-19,NYC,0.05,6,2021
536,2021-06-20,NYC,0.0,6,2021
537,2021-06-21,NYC,0.0,6,2021
538,2021-06-22,NYC,0.2,6,2021
539,2021-06-23,NYC,0.0,6,2021
540,2021-06-24,NYC,0.0,6,2021
541,2021-06-25,NYC,0.0,6,2021
542,2021-06-26,NYC,0.0,6,2021
543,2021-06-27,NYC,0.0,6,2021
544,2021-06-28,NYC,0.0,6,2021
545,2021-06-29,NYC,0.0,6,2021
546,2021-06-30,NYC,0.0,6,2021
547,2021-07-01,NYC,0.54,7,2021
548,2021-07-02,NYC,0.38,7,2021
549,2021-07-03,NYC,1.1,7,2021
550,2021-07-04,NYC,0.0,7,2021
551,2021-07-05,NYC,0.0,7,2021
552,2021-07-06,NYC,0.39,7,2021
553,2021-07-07,NYC,0.0,7,2021
554,2021-07-08,NYC,0.32,7,2021
555,2021-07-09,NYC,0.99,7,2021
556,2021-07-10,NYC,0.0,7,2021
557,2021-07-11,NYC,0.0,7,2021
558,2021-07-12,NYC,0.06,7,2021
559,2021-07-13,NYC,0.0,7,2021
560,2021-07-14,NYC,0.01,7,2021
561,2021-07-15,NYC,0.0,7,2021
562,2021-07-16,NYC,0.0,7,2021
563,2021-07-17,NYC,0.28,7,2021
564,2021-07-18,NYC,0.02,7,2021
565,2021-07-19,NYC,0.0,7,2021
566,2021-07-20,NYC,0.0,7,2021
567,2021-07-21,NYC,0.89,7,2021
568,2021-07-22,NYC,0.0,7,2021
569,2021-07-23,NYC,0.09,7,2021
570,2021-07-24,NYC,0.0,7,2021
571,2021-07-25,NYC,0.46,7,2021
572,2021-07-26,NYC,0.0,7,2021
573,2021-07-27,NYC,0.0,7,2021
574,2021-07-28,NYC,0.09,7,2021
575,2021-07-29,NYC,0.28,7,2021
576,2021-07-30,NYC,0.0,7,2021
577,2021-07-31,NYC,0.0,7,2021
578,2021-08-01,NYC,0.04,8,2021
579,2021-08-02,NYC,0.0,8,2021
580,2021-08-03,NYC,0.0,8,2021
581,2021-08-04,NYC,0.0,8,2021
582,2021-08-05,NYC,0.0,8,2021
583,2021-08-06,NYC,0.0,8,2021
584,2021-08-07,NYC,0.0,8,2021
585,2021-08-08,NYC,0.56,8,2021
586,2021-08-09,NYC,0.04,8,2021
587,2021-08-10,NYC,0.67,8,2021
588,2021-08-11,NYC,0.0,8,2021
589,2021-08-12,NYC,0.0,8,2021
590,2021-08-13,NYC,0.0,8,2021
591,2021-08-14,NYC,0.0,8,2021
592,2021-08-15,NYC,0.0,8,2021
593,2021-08-16,NYC,0.0,8,2021
594,2021-08-17,NYC,0.0,8,2021
595,2021-08-18,NYC,0.0,8,2021
596,2021-08-19,NYC,0.03,8,2021
597,2021-08-20,NYC,0.0,8,2021
598,2021-08-21,NYC,2.13,8,2021
599,2021-08-22,NYC,2.26,8,2021
600,2021-08-23,NYC,0.73,8,2021
601,2021-08-24,NYC,0.0,8,2021
602,2021-08-25,NYC,0.0,8,2021
603,2021-08-26,NYC,0.0,8,2021
604,2021-08-27,NYC,0.03,8,2021
605,2021-08-28,NYC,0.89,8,2021
606,2021-08-29,NYC,0.0,8,2021
607,2021-08-30,NYC,0.0,8,2021
608,2021-08-31,NYC,0.0,8,2021
609,2021-09-01,NYC,2.56,9,2021
610,2021-09-02,NYC,0.21,9,2021
611,2021-09-03,NYC,0.0,9,2021
612,2021-09-04,NYC,0.0,9,2021
613,2021-09-05,NYC,0.0,9,2021
614,2021-09-06,NYC,0.0,9,2021
615,2021-09-07,NYC,0.0,9,2021
616,2021-09-08,NYC,0.0,9,2021
617,2021-09-09,NYC,0.37,9,2021
618,2021-09-10,NYC,0.0,9,2021
619,2021-09-11,NYC,0.0,9,2021
620,2021-09-12,NYC,0.0,9,2021
621,2021-09-13,NYC,0.18,9,2021
622,2021-09-14,NYC,0.0,9,2021
623,2021-09-15,NYC,0.0,9,2021
624,2021-09-16,NYC,0.0,9,2021
625,2021-09-17,NYC,0.0,9,2021
626,2021-09-18,NYC,0.0,9,2021
627,2021-09-19,NYC,0.0,9,2021
628,2021-09-20,NYC,0.0,9,2021
629,2021-09-21,NYC,0.03,9,2021
630,2021-09-22,NYC,0.0,9,2021
631,2021-09-23,NYC,0.66,9,2021
632,2021-09-24,NYC,0.45,9,2021
633,2021-09-25,NYC,0.0,9,2021
634,2021-09-26,NYC,0.0,9,2021
635,2021-09-27,NYC,0.0,9,2021
636,2021-09-28,NYC,0.09,9,2021
637,2021-09-29,NYC,0.0,9,2021
638,2021-09-30,NYC,0.0,9,2021
639,2021-10-01,NYC,0.0,10,2021
640,2021-10-02,NYC,0.0,10,2021
641,2021-10-03,NYC,0.0,10,2021
642,2021-10-04,NYC,0.02,10,2021
643,2021-10-05,NYC,0.0,10,2021
644,2021-10-06,NYC,0.0,10,2021
645,2021-10-07,NYC,0.0,10,2021
646,2021-10-08,NYC,0.0,10,2021
647,2021-10-09,NYC,0.0,10,2021
648,2021-10-10,NYC,0.1,10,2021
649,2021-10-11,NYC,0.0,10,2021
650,2021-10-12,NYC,0.0,10,2021
651,2021-10-13,NYC,0.0,10,2021
652,2021-10-14,NYC,0.0,10,2021
653,2021-10-15,NYC,0.0,10,2021
654,2021-10-16,NYC,0.16,10,2021
655,2021-10-17,NYC,0.0,10,2021
656,2021-10-18,NYC,0.0,10,2021
657,2021-10-19,NYC,0.0,10,2021
658,2021-10-20,NYC,0.0,10,2021
659,2021-10-21,NYC,0.0,10,2021
660,2021-10-22,NYC,0.0,10,2021
661,2021-10-23,NYC,0.14,10,2021
662,2021-10-24,NYC,0.01,10,2021
663,2021-10-25,NYC,0.02,10,2021
664,2021-10-26,NYC,3.24,10,2021
665,2021-10-27,NYC,0.15,10,2021
666,2021-10-28,NYC,0.0,10,2021
667,2021-10-29,NYC,0.38,10,2021
668,2021-10-30,NYC,0.03,10,2021
669,2021-10-31,NYC,0.11,10,2021
670,2021-11-01,NYC,0.0,11,2021
671,2021-11-02,NYC,0.01,11,2021
672,2021-11-03,NYC,0.0,11,2021
673,2021-11-04,NYC,0.0,11,2021
674,2021-11-05,NYC,0.0,11,2021
675,2021-11-06,NYC,0.0,11,2021
676,2021-11-07,NYC,0.0,11,2021
677,2021-11-08,NYC,0.0,11,2021
678,2021-11-09,NYC,0.0,11,2021
679,2021-11-10,NYC,0.0,11,2021
680,2021-11-11,NYC,0.0,11,2021
681,2021-11-12,NYC,0.21,11,2021
682,2021-11-13,NYC,0.14,11,2021
683,2021-11-14,NYC,0.02,11,2021
684,2021-11-15,NYC,0.0,11,2021
685,2021-11-16,NYC,0.0,11,2021
686,2021-11-17,NYC,0.0,11,2021
687,2021-11-18,NYC,0.06,11,2021
688,2021-11-19,NYC,0.06,11,2021
689,2021-11-20,NYC,0.0,11,2021
690,2021-11-21,NYC,0.0,11,2021
691,2021-11-22,NYC,0.04,11,2021
692,2021-11-23,NYC,0.0,11,2021
693,2021-11-24,NYC,0.0,11,2021
694,2021-11-25,NYC,0.0,11,2021
695,2021-11-26,NYC,0.13,11,2021
696,2021-11-27,NYC,0.0,11,2021
697,2021-11-28,NYC,0.0,11,2021
698,2021-11-29,NYC,0.0,11,2021
699,2021-11-30,NYC,0.0,11,2021
700,2021-12-01,NYC,0.0,12,2021
701,2021-12-02,NYC,0.03,12,2021
702,2021-12-03,NYC,0.0,12,2021
703,2021-12-04,NYC,0.0,12,2021
704,2021-12-05,NYC,0.0,12,2021
705,2021-12-06,NYC,0.54,12,2021
706,2021-12-07,NYC,0.0,12,2021
707,2021-12-08,NYC,0.07,12,2021
708,2021-12-09,NYC,0.0,12,2021
709,2021-12-10,NYC,0.0,12,2021
710,2021-12-11,NYC,0.16,12,2021
711,2021-12-12,NYC,0.0,12,2021
712,2021-12-13,NYC,0.0,12,2021
713,2021-12-14,NYC,0.0,12,2021
714,2021-12-15,NYC,0.0,12,2021
715,2021-12-16,NYC,0.0,12,2021
716,2021-12-17,NYC,0.0,12,2021
717,2021-12-18,NYC,0.06,12,2021
718,2021-12-19,NYC,0.02,12,2021
719,2021-12-20,NYC,0.0,12,2021
720,2021-12-21,NYC,0.0,12,2021
721,2021-12-22,NYC,0.11,12,2021
722,2021-12-23,NYC,0.0,12,2021
723,2021-12-24,NYC,0.01,12,2021
724,2021-12-25,NYC,0.16,12,2021
725,2021-12-26,NYC,0.0,12,2021
726,2021-12-27,NYC,0.03,12,2021
727,2021-12-28,NYC,0.06,12,2021
728,2021-12-29,NYC,0.35,12,2021
729,2021-12-30,NYC,0.09,12,2021
730,2021-12-31,NYC,0.01,12,2021
731,2022-01-01,NYC,1.22,1,2022
732,2022-01-02,NYC,0.03,1,2022
733,2022-01-03,NYC,0.0,1,2022
734,2022-01-04,NYC,0.0,1,2022
735,2022-01-05,NYC,0.29,1,2022
736,2022-01-06,NYC,0.0,1,2022
737,2022-01-07,NYC,0.31,1,2022
738,2022-01-08,NYC,0.0,1,2022
739,2022-01-09,NYC,0.12,1,2022
740,2022-01-10,NYC,0.0,1,2022
741,2022-01-11,NYC,0.0,1,2022
742,2022-01-12,NYC,0.0,1,2022
743,2022-01-13,NYC,0.0,1,2022
744,2022-01-14,NYC,0.0,1,2022
745,2022-01-15,NYC,0.0,1,2022
746,2022-01-16,NYC,0.53,1,2022
747,2022-01-17,NYC,0.92,1,2022
748,2022-01-18,NYC,0.0,1,2022
749,2022-01-19,NYC,0.0,1,2022
750,2022-01-20,NYC,0.25,1,2022
751,2022-01-21,NYC,0.0,1,2022
752,2022-01-22,NYC,0.0,1,2022
753,2022-01-23,NYC,0.0,1,2022
754,2022-01-24,NYC,0.0,1,2022
755,2022-01-25,NYC,0.0,1,2022
756,2022-01-26,NYC,0.0,1,2022
757,2022-01-27,NYC,0.0,1,2022
758,2022-01-28,NYC,0.12,1,2022
759,2022-01-29,NYC,0.58,1,2022
760,2022-01-30,NYC,0.0,1,2022
761,2022-01-31,NYC,0.0,1,2022
762,2022-02-01,NYC,0.0,2,2022
763,2022-02-02,NYC,0.0,2,2022
764,2022-02-03,NYC,0.33,2,2022
765,2022-02-04,NYC,0.56,2,2022
766,2022-02-05,NYC,0.0,2,2022
767,2022-02-06,NYC,0.0,2,2022
768,2022-02-07,NYC,0.28,2,2022
769,2022-02-08,NYC,0.12,2,2022
770,2022-02-09,NYC,0.0,2,2022
771,2022-02-10,NYC,0.0,2,2022
772,2022-02-11,NYC,0.0,2,2022
773,2022-02-12,NYC,0.0,2,2022
774,2022-02-13,NYC,0.25,2,2022
775,2022-02-14,NYC,0.0,2,2022
776,2022-02-15,NYC,0.0,2,2022
777,2022-02-16,NYC,0.0,2,2022
778,2022-02-17,NYC,0.23,2,2022
779,2022-02-18,NYC,0.39,2,2022
780,2022-02-19,NYC,0.0,2,2022
781,2022-02-20,NYC,0.0,2,2022
782,2022-02-21,NYC,0.0,2,2022
783,2022-02-22,NYC,0.14,2,2022
784,2022-02-23,NYC,0.0,2,2022
785,2022-02-24,NYC,0.0,2,2022
786,2022-02-25,NYC,0.78,2,2022
787,2022-02-26,NYC,0.0,2,2022
788,2022-02-27,NYC,0.0,2,2022
789,2022-02-28,NYC,0.0,2,2022
790,2022-03-01,NYC,0.0,3,2022
791,2022-03-02,NYC,0.0,3,2022
792,2022-03-03,NYC,0.08,3,2022
793,2022-03-04,NYC,0.0,3,2022
794,2022-03-05,NYC,0.0,3,2022
795,2022-03-06,NYC,0.05,3,2022
796,2022-03-07,NYC,0.06,3,2022
797,2022-03-08,NYC,0.0,3,2022
798,2022-03-09,NYC,0.61,3,2022
799,2022-03-10,NYC,0.0,3,2022
800,2022-03-11,NYC,0.0,3,2022
801,2022-03-12,NYC,0.5,3,2022
802,2022-03-13,NYC,0.0,3,2022
803,2022-03-14,NYC,0.0,3,2022
804,2022-03-15,NYC,0.0,3,2022
805,2022-03-16,NYC,0.0,3,2022
806,2022-03-17,NYC,0.06,3,2022
807,2022-03-18,NYC,0.0,3,2022
808,2022-03-19,NYC,0.18,3,2022
809,2022-03-20,NYC,0.0,3,2022
810,2022-03-21,NYC,0.0,3,2022
811,2022-03-22,NYC,0.0,3,2022
812,2022-03-23,NYC,0.07,3,2022
813,2022-03-24,NYC,0.93,3,2022
814,2022-03-25,NYC,0.03,3,2022
815,2022-03-26,NYC,0.0,3,2022
816,2022-03-27,NYC,0.0,3,2022
817,2022-03-28,NYC,0.0,3,2022
818,2022-03-29,NYC,0.0,3,2022
819,2022-03-30,NYC,0.0,3,2022
820,2022-03-31,NYC,0.05,3,2022
821,2022-04-01,NYC,0.08,4,2022
822,2022-04-02,NYC,0.0,4,2022
823,2022-04-03,NYC,0.1,4,2022
824,2022-04-04,NYC,0.0,4,2022
825,2022-04-05,NYC,0.06,4,2022
826,2022-04-06,NYC,0.54,4,2022
827,2022-04-07,NYC,0.45,4,2022
828,2022-04-08,NYC,0.04,4,2022
829,2022-04-09,NYC,0.02,4,2022
830,2022-04-10,NYC,0.0,4,2022
831,2022-04-11,NYC,0.0,4,2022
832,2022-04-12,NYC,0.02,4,2022
833,2022-04-13,NYC,0.0,4,2022
834,2022-04-14,NYC,0.08,4,2022
835,2022-04-15,NYC,0.01,4,2022
836,2022-04-16,NYC,0.09,4,2022
837,2022-04-17,NYC,0.0,4,2022
838,2022-04-18,NYC,0.96,4,2022
839,2022-04-19,NYC,0.59,4,2022
840,2022-04-20,NYC,0.0,4,2022
841,2022-04-21,NYC,0.0,4,2022
842,2022-04-22,NYC,0.0,4,2022
843,2022-04-23,NYC,0.0,4,2022
844,2022-04-24,NYC,0.0,4,2022
845,2022-04-25,NYC,0.0,4,2022
846,2022-04-26,NYC,0.06,4,2022
847,2022-04-27,NYC,0.0,4,2022
848,2022-04-28,NYC,0.0,4,2022
849,2022-04-29,NYC,0.0,4,2022
850,2022-04-30,NYC,0.0,4,2022
851,2022-05-01,NYC,0.0,5,2022
852,2022-05-02,NYC,0.51,5,2022
853,2022-05-03,NYC,0.0,5,2022
854,2022-05-04,NYC,0.04,5,2022
855,2022-05-05,NYC,0.0,5,2022
856,2022-05-06,NYC,0.85,5,2022
857,2022-05-07,NYC,0.96,5,2022
858,2022-05-08,NYC,0.0,5,2022
859,2022-05-09,NYC,0.0,5,2022
860,2022-05-10,NYC,0.0,5,2022
861,2022-05-11,NYC,0.0,5,2022
862,2022-05-12,NYC,0.0,5,2022
863,2022-05-13,NYC,0.0,5,2022
864,2022-05-14,NYC,0.15,5,2022
865,2022-05-15,NYC,0.0,5,2022
866,2022-05-16,NYC,0.09,5,2022
867,2022-05-17,NYC,0.0,5,2022
868,2022-05-18,NYC,0.0,5,2022
869,2022-05-19,NYC,1.04,5,2022
870,2022-05-20,NYC,0.49,5,2022
871,2022-05-21,NYC,0.0,5,2022
872,2022-05-22,NYC,0.0,5,2022
873,2022-05-23,NYC,0.0,5,2022
874,2022-05-24,NYC,0.0,5,2022
875,2022-05-25,NYC,0.0,5,2022
876,2022-05-26,NYC,0.0,5,2022
877,2022-05-27,NYC,0.05,5,2022
878,2022-05-28,NYC,0.16,5,2022
879,2022-05-29,NYC,0.0,5,2022
880,2022-05-30,NYC,0.0,5,2022
881,2022-05-31,NYC,0.0,5,2022
882,2022-06-01,NYC,1.36,6,2022
883,2022-06-02,NYC,0.3,6,2022
884,2022-06-03,NYC,0.0,6,2022
885,2022-06-04,NYC,0.0,6,2022
886,2022-06-05,NYC,0.0,6,2022
887,2022-06-06,NYC,0.0,6,2022
888,2022-06-07,NYC,0.04,6,2022
889,2022-06-08,NYC,0.0,6,2022
890,2022-06-09,NYC,0.6,6,2022
891,2022-06-10,NYC,0.0,6,2022
892,2022-06-11,NYC,0.0,6,2022
893,2022-06-12,NYC,0.15,6,2022
894,2022-06-13,NYC,0.0,6,2022
895,2022-06-14,NYC,0.0,6,2022
896,2022-06-15,NYC,0.0,6,2022
897,2022-06-16,NYC,0.29,6,2022
898,2022-06-17,NYC,0.0,6,2022
899,2022-06-18,NYC,0.0,6,2022
900,2022-06-19,NYC,0.0,6,2022
901,2022-06-20,NYC,0.0,6,2022
902,2022-06-21,NYC,0.02,6,2022
903,2022-06-22,NYC,0.14,6,2022
904,2022-06-23,NYC,0.0,6,2022
905,2022-06-24,NYC,0.0,6,2022
906,2022-06-25,NYC,0.0,6,2022
907,2022-06-26,NYC,0.0,6,2022
908,2022-06-27,NYC,0.35,6,2022
909,2022-06-28,NYC,0.0,6,2022
910,2022-06-29,NYC,0.0,6,2022
911,2022-06-30,NYC,0.0,6,2022
912,2022-07-01,NYC,0.0,7,2022
913,2022-07-02,NYC,0.0,7,2022
914,2022-07-03,NYC,0.0,7,2022
915,2022-07-04,NYC,0.0,7,2022
916,2022-07-05,NYC,0.01,7,2022
917,2022-07-06,NYC,0.0,7,2022
918,2022-07-07,NYC,0.0,7,2022
919,2022-07-08,NYC,0.26,7,2022
920,2022-07-09,NYC,0.0,7,2022
921,2022-07-10,NYC,0.0,7,2022
922,2022-07-11,NYC,0.0,7,2022
923,2022-07-12,NYC,0.0,7,2022
924,2022-07-13,NYC,0.0,7,2022
925,2022-07-14,NYC,0.0,7,2022
926,2022-07-15,NYC,0.0,7,2022
927,2022-07-16,NYC,0.02,7,2022
928,2022-07-17,NYC,0.02,7,2022
929,2022-07-18,NYC,0.38,7,2022
930,2022-07-19,NYC,0.0,7,2022
931,2022-07-20,NYC,0.0,7,2022
932,2022-07-21,NYC,0.0,7,2022
933,2022-07-22,NYC,0.0,7,2022
934,2022-07-23,NYC,0.0,7,2022
935,2022-07-24,NYC,0.0,7,2022
936,2022-07-25,NYC,0.23,7,2022
937,2022-07-26,NYC,0.0,7,2022
938,2022-07-27,NYC,0.0,7,2022
939,2022-07-28,NYC,0.18,7,2022
940,2022-07-29,NYC,0.0,7,2022
941,2022-07-30,NYC,0.0,7,2022
942,2022-07-31,NYC,0.0,7,2022
943,2022-08-01,NYC,0.25,8,2022
944,2022-08-02,NYC,0.0,8,2022
945,2022-08-03,NYC,0.0,8,2022
946,2022-08-04,NYC,0.0,8,2022
947,2022-08-05,NYC,0.0,8,2022
948,2022-08-06,NYC,0.0,8,2022
949,2022-08-07,NYC,0.01,8,2022
950,2022-08-08,NYC,0.0,8,2022
951,2022-08-09,NYC,0.0,8,2022
952,2022-08-10,NYC,0.0,8,2022
953,2022-08-11,NYC,0.35,8,2022
954,2022-08-12,NYC,0.0,8,2022
955,2022-08-13,NYC,0.0,8,2022
956,2022-08-14,NYC,0.0,8,2022
957,2022-08-15,NYC,0.0,8,2022
958,2022-08-16,NYC,0.0,8,2022
959,2022-08-17,NYC,0.13,8,2022
960,2022-08-18,NYC,0.0,8,2022
961,2022-08-19,NYC,0.0,8,2022
962,2022-08-20,NYC,0.0,8,2022
963,2022-08-21,NYC,0.0,8,2022
964,2022-08-22,NYC,0.03,8,2022
965,2022-08-23,NYC,0.0,8,2022
966,2022-08-24,NYC,0.0,8,2022
967,2022-08-25,NYC,0.0,8,2022
968,2022-08-26,NYC,0.02,8,2022
969,2022-08-27,NYC,0.0,8,2022
970,2022-08-28,NYC,0.0,8,2022
971,2022-08-29,NYC,0.0,8,2022
972,2022-08-30,NYC,0.06,8,2022
973,2022-08-31,NYC,0.0,8,2022
974,2022-09-01,NYC,0.0,9,2022
975,2022-09-02,NYC,0.0,9,2022
976,2022-09-03,NYC,0.0,9,2022
977,2022-09-04,NYC,0.03,9,2022
978,2022-09-05,NYC,0.0,9,2022
979,2022-09-06,NYC,0.87,9,2022
980,2022-09-07,NYC,0.0,9,2022
981,2022-09-08,NYC,0.0,9,2022
982,2022-09-09,NYC,0.0,9,2022
983,2022-09-10,NYC,0.0,9,2022
984,2022-09-11,NYC,0.2,9,2022
985,2022-09-12,NYC,0.06,9,2022
986,2022-09-13,NYC,0.01,9,2022
987,2022-09-14,NYC,0.0,9,2022
988,2022-09-15,NYC,0.0,9,2022
989,2022-09-16,NYC,0.0,9,2022
990,2022-09-17,NYC,0.0,9,2022
991,2022-09-18,NYC,0.0,9,2022
992,2022-09-19,NYC,0.03,9,2022
993,2022-09-20,NYC,0.0,9,2022
994,2022-09-21,NYC,0.0,9,2022
995,2022-09-22,NYC,0.34,9,2022
996,2022-09-23,NYC,0.0,9,2022
997,2022-09-24,NYC,0.0,9,2022
998,2022-09-25,NYC,0.31,9,2022
999,2022-09-26,NYC,0.0,9,2022
1000,2022-09-27,NYC,0.0,9,2022
1001,2022-09-28,NYC,0.0,9,2022
1002,2022-09-29,NYC,0.0,9,2022
1003,2022-09-30,NYC,0.0,9,2022
1004,2022-10-01,NYC,0.89,10,2022
1005,2022-10-02,NYC,0.19,10,2022
1006,2022-10-03,NYC,0.78,10,2022
1007,2022-10-04,NYC,1.38,10,2022
1008,2022-10-05,NYC,0.55,10,2022
1009,2022-10-06,NYC,0.0,10,2022
1010,2022-10-07,NYC,0.0,10,2022
1011,2022-10-08,NYC,0.04,10,2022
1012,2022-10-09,NYC,0.0,10,2022
1013,2022-10-10,NYC,0.0,10,2022
1014,2022-10-11,NYC,0.0,10,2022
1015,2022-10-12,NYC,0.0,10,2022
1016,2022-10-13,NYC,1.11,10,2022
1017,2022-10-14,NYC,0.11,10,2022
1018,2022-10-15,NYC,0.0,10,2022
1019,2022-10-16,NYC,0.0,10,2022
1020,2022-10-17,NYC,0.08,10,2022
1021,2022-10-18,NYC,0.0,10,2022
1022,2022-10-19,NYC,0.0,10,2022
1023,2022-10-20,NYC,0.0,10,2022
1024,2022-10-21,NYC,0.0,10,2022
1025,2022-10-22,NYC,0.0,10,2022
1026,2022-10-23,NYC,0.03,10,2022
1027,2022-10-24,NYC,0.37,10,2022
1028,2022-10-25,NYC,0.0,10,2022
1029,2022-10-26,NYC,0.0,10,2022
1030,2022-10-27,NYC,0.0,10,2022
1031,2022-10-28,NYC,0.0,10,2022
1032,2022-10-29,NYC,0.0,10,2022
1033,2022-10-30,NYC,0.0,10,2022
1034,2022-10-31,NYC,0.08,10,2022
1035,2022-11-01,NYC,0.21,11,2022
1036,2022-11-02,NYC,0.0,11,2022
1037,2022-11-03,NYC,0.0,11,2022
1038,2022-11-04,NYC,0.0,11,2022
1039,2022-11-05,NYC,0.0,11,2022
1040,2022-11-06,NYC,0.0,11,2022
1041,2022-11-07,NYC,0.0,11,2022
1042,2022-11-08,NYC,0.0,11,2022
1043,2022-11-09,NYC,0.0,11,2022
1044,2022-11-10,NYC,0.0,11,2022
1045,2022-11-11,NYC,0.51,11,2022
1046,2022-11-12,NYC,0.06,11,2022
1047,2022-11-13,NYC,0.09,11,2022
1048,2022-11-14,NYC,0.0,11,2022
1049,2022-11-15,NYC,0.43,11,2022
1050,2022-11-16,NYC,0.2,11,2022
1051,2022-11-17,NYC,0.0,11,2022
1052,2022-11-18,NYC,0.01,11,2022
1053,2022-11-19,NYC,0.0,11,2022
1054,2022-11-20,NYC,0.0,11,2022
1055,2022-11-21,NYC,0.0,11,2022
1056,2022-11-22,NYC,0.0,11,2022
1057,2022-11-23,NYC,0.0,11,2022
1058,2022-11-24,NYC,0.0,11,2022
1059,2022-11-25,NYC,0.02,11,2022
1060,2022-11-26,NYC,0.0,11,2022
1061,2022-11-27,NYC,0.56,11,2022
1062,2022-11-28,NYC,0.0,11,2022
1063,2022-11-29,NYC,0.0,11,2022
1064,2022-11-30,NYC,0.34,11,2022
1065,2022-12-01,NYC,0.0,12,2022
1066,2022-12-02,NYC,0.0,12,2022
1067,2022-12-03,NYC,0.23,12,2022
1068,2022-12-04,NYC,0.0,12,2022
1069,2022-12-05,NYC,0.0,12,2022
1070,2022-12-06,NYC,0.43,12,2022
1071,2022-12-07,NYC,0.31,12,2022
1072,2022-12-08,NYC,0.0,12,2022
1073,2022-12-09,NYC,0.0,12,2022
1074,2022-12-10,NYC,0.0,12,2022
1075,2022-12-11,NYC,0.18,12,2022
1076,2022-12-12,NYC,0.03,12,2022
1077,2022-12-13,NYC,0.0,12,2022
1078,2022-12-14,NYC,0.0,12,2022
1079,2022-12-15,NYC,0.6,12,2022
1080,2022-12-16,NYC,0.68,12,2022
1081,2022-12-17,NYC,0.0,12,2022
1082,2022-12-18,NYC,0.0,12,2022
1083,2022-12-19,NYC,0.0,12,2022
1084,2022-12-20,NYC,0.0,12,2022
1085,2022-12-21,NYC,0.0,12,2022
1086,2022-12-22,NYC,0.14,12,2022
1087,2022-12-23,NYC,0.3,12,2022
1088,2022-12-24,NYC,0.0,12,2022
1089,2022-12-25,NYC,0.0,12,2022
1090,2022-12-26,NYC,0.0,12,2022
1091,2022-12-27,NYC,0.0,12,2022
1092,2022-12-28,NYC,0.0,12,2022
1093,2022-12-29,NYC,0.0,12,2022
1094,2022-12-30,NYC,0.0,12,2022
1095,2022-12-31,NYC,0.27,12,2022
1096,2023-01-01,NYC,0.0,1,2023
1097,2023-01-02,NYC,0.02,1,2023
1098,2023-01-03,NYC,0.36,1,2023
1099,2023-01-04,NYC,0.01,1,2023
1100,2023-01-05,NYC,0.05,1,2023
1101,2023-01-06,NYC,0.25,1,2023
1102,2023-01-07,NYC,0.0,1,2023
1103,2023-01-08,NYC,0.0,1,2023
1104,2023-01-09,NYC,0.02,1,2023
1105,2023-01-10,NYC,0.0,1,2023
1106,2023-01-11,NYC,0.0,1,2023
1107,2023-01-12,NYC,0.27,1,2023
1108,2023-01-13,NYC,0.03,1,2023
1109,2023-01-14,NYC,0.0,1,2023
1110,2023-01-15,NYC,0.0,1,2023
1111,2023-01-16,NYC,0.0,1,2023
1112,2023-01-17,NYC,0.0,1,2023
1113,2023-01-18,NYC,0.0,1,2023
1114,2023-01-19,NYC,0.96,1,2023
1115,2023-01-20,NYC,0.0,1,2023
1116,2023-01-21,NYC,0.0,1,2023
1117,2023-01-22,NYC,0.47,1,2023
1118,2023-01-23,NYC,0.24,1,2023
1119,2023-01-24,NYC,0.0,1,2023
1120,2023-01-25,NYC,0.97,1,2023
1121,2023-01-26,NYC,0.23,1,2023
1122,2023-01-27,NYC,0.0,1,2023
1123,2023-01-28,NYC,0.0,1,2023
1124,2023-01-29,NYC,0.0,1,2023
1125,2023-01-30,NYC,0.0,1,2023
1126,2023-01-31,NYC,0.03,1,2023
1127,2023-02-01,NYC,0.02,2,2023
1128,2023-02-02,NYC,0.0,2,2023
1129,2023-02-03,NYC,0.0,2,2023
1130,2023-02-04,NYC,0.0,2,2023
1131,2023-02-05,NYC,0.0,2,2023
1132,2023-02-06,NYC,0.0,2,2023
1133,2023-02-07,NYC,0.02,2,2023
1134,2023-02-08,NYC,0.01,2,2023
1135,2023-02-09,NYC,0.0,2,2023
1136,2023-02-10,NYC,0.0,2,2023
1137,2023-02-11,NYC,0.0,2,2023
1138,2023-02-12,NYC,0.04,2,2023
1139,2023-02-13,NYC,0.0,2,2023
1140,2023-02-14,NYC,0.0,2,2023
1141,2023-02-15,NYC,0.0,2,2023
1142,2023-02-16,NYC,0.08,2,2023
1143,2023-02-17,NYC,0.37,2,2023
1144,2023-02-18,NYC,0.0,2,2023
1145,2023-02-19,NYC,0.0,2,2023
1146,2023-02-20,NYC,0.0,2,2023
1147,2023-02-21,NYC,0.19,2,2023
1148,2023-02-22,NYC,0.17,2,2023
1149,2023-02-23,NYC,0.03,2,2023
1150,2023-02-24,NYC,0.0,2,2023
1151,2023-02-25,NYC,0.0,2,2023
1152,2023-02-26,NYC,0.0,2,2023
1153,2023-02-27,NYC,0.32,2,2023
1154,2023-02-28,NYC,0.29,2,2023
1155,2023-03-01,NYC,0.02,3,2023
1156,2023-03-02,NYC,0.0,3,2023
1157,2023-03-03,NYC,0.11,3,2023
1158,2023-03-04,NYC,0.83,3,2023
1159,2023-03-05,NYC,0.0,3,2023
1160,2023-03-06,NYC,0.0,3,2023
1161,2023-03-07,NYC,0.08,3,2023
1162,2023-03-08,NYC,0.0,3,2023
1163,2023-03-09,NYC,0.0,3,2023
1164,2023-03-10,NYC,0.37,3,2023
1165,2023-03-11,NYC,0.46,3,2023
1166,2023-03-12,NYC,0.0,3,2023
1167,2023-03-13,NYC,1.1,3,2023
1168,2023-03-14,NYC,0.08,3,2023
1169,2023-03-15,NYC,0.0,3,2023
1170,2023-03-16,NYC,0.0,3,2023
1171,2023-03-17,NYC,0.0,3,2023
1172,2023-03-18,NYC,0.02,3,2023
1173,2023-03-19,NYC,0.0,3,2023
1174,2023-03-20,NYC,0.0,3,2023
1175,2023-03-21,NYC,0.0,3,2023
1176,2023-03-22,NYC,0.0,3,2023
1177,2023-03-23,NYC,0.08,3,2023
1178,2023-03-24,NYC,0.01,3,2023
1179,2023-03-25,NYC,0.1,3,2023
1180,2023-03-26,NYC,0.0,3,2023
1181,2023-03-27,NYC,0.16,3,2023
1182,2023-03-28,NYC,0.02,3,2023
1183,2023-03-29,NYC,0.0,3,2023
1184,2023-03-30,NYC,0.02,3,2023
1185,2023-03-31,NYC,0.0,3,2023
1186,2023-04-01,NYC,0.22,4,2023
1187,2023-04-02,NYC,0.0,4,2023
1188,2023-04-03,NYC,0.0,4,2023
1189,2023-04-04,NYC,0.0,4,2023
1190,2023-04-05,NYC,0.0,4,2023
1191,2023-04-06,NYC,0.02,4,2023
1192,2023-04-07,NYC,0.0,4,2023
1193,2023-04-08,NYC,0.0,4,2023
1194,2023-04-09,NYC,0.0,4,2023
1195,2023-04-10,NYC,0.0,4,2023
1196,2023-04-11,NYC,0.0,4,2023
1197,2023-04-12,NYC,0.0,4,2023
1198,2023-04-13,NYC,0.0,4,2023
1199,2023-04-14,NYC,0.0,4,2023
1200,2023-04-15,NYC,0.02,4,2023
1201,2023-04-16,NYC,0.0,4,2023
1202,2023-04-17,NYC,0.01,4,2023
1203,2023-04-18,NYC,0.0,4,2023
1204,2023-04-19,NYC,0.0,4,2023
1205,2023-04-20,NYC,0.0,4,2023
1206,2023-04-21,NYC,0.0,4,2023
1207,2023-04-22,NYC,1.02,4,2023
1208,2023-04-23,NYC,1.26,4,2023
1209,2023-04-24,NYC,0.0,4,2023
1210,2023-04-25,NYC,0.0,4,2023
1211,2023-04-26,NYC,0.0,4,2023
1212,2023-04-27,NYC,0.0,4,2023
1213,2023-04-28,NYC,0.37,4,2023
1214,2023-04-29,NYC,1.75,4,2023
1215,2023-04-30,NYC,1.36,4,2023
1216,2023-05-01,NYC,0.03,5,2023
1217,2023-05-02,NYC,0.1,5,2023
1218,2023-05-03,NYC,0.01,5,2023
1219,2023-05-04,NYC,0.16,5,2023
1220,2023-05-05,NYC,0.0,5,2023
1221,2023-05-06,NYC,0.0,5,2023
1222,2023-05-07,NYC,0.0,5,2023
1223,2023-05-08,NYC,0.0,5,2023
1224,2023-05-09,NYC,0.0,5,2023
1225,2023-05-10,NYC,0.0,5,2023
1226,2023-05-11,NYC,0.0,5,2023
1227,2023-05-12,NYC,0.0,5,2023
1228,2023-05-13,NYC,0.0,5,2023
1229,2023-05-14,NYC,0.0,5,2023
1230,2023-05-15,NYC,0.0,5,2023
1231,2023-05-16,NYC,0.0,5,2023
1232,2023-05-17,NYC,0.0,5,2023
1233,2023-05-18,NYC,0.0,5,2023
1234,2023-05-19,NYC,0.0,5,2023
1235,2023-05-20,NYC,1.65,5,2023
1236,2023-05-21,NYC,0.0,5,2023
1237,2023-05-22,NYC,0.0,5,2023
1238,2023-05-23,NYC,0.0,5,2023
1239,2023-05-24,NYC,0.01,5,2023
1240,2023-05-25,NYC,0.0,5,2023
1241,2023-05-26,NYC,0.0,5,2023
1242,2023-05-27,NYC,0.0,5,2023
1243,2023-05-28,NYC,0.0,5,2023
1244,2023-05-29,NYC,0.0,5,2023
1245,2023-05-30,NYC,0.0,5,2023
1246,2023-05-31,NYC,0.0,5,2023
1247,2023-06-01,NYC,0.0,6,2023
1248,2023-06-02,NYC,0.02,6,2023
1249,2023-06-03,NYC,0.0,6,2023
1250,2023-06-04,NYC,0.0,6,2023
1251,2023-06-05,NYC,0.0,6,2023
1252,2023-06-06,NYC,0.03,6,2023
1253,2023-06-07,NYC,0.0,6,2023
1254,2023-06-08,NYC,0.0,6,2023
1255,2023-06-09,NYC,0.06,6,2023
1256,2023-06-10,NYC,0.03,6,2023
1257,2023-06-11,NYC,0.02,6,2023
1258,2023-06-12,NYC,0.18,6,2023
1259,2023-06-13,NYC,0.0,6,2023
1260,2023-06-14,NYC,0.24,6,2023
1261,2023-06-15,NYC,0.0,6,2023
1262,2023-06-16,NYC,0.2,6,2023
1263,2023-06-17,NYC,0.0,6,2023
1264,2023-06-18,NYC,0.0,6,2023
1265,2023-06-19,NYC,0.0,6,2023
1266,2023-06-20,NYC,0.0,6,2023
1267,2023-06-21,NYC,0.0,6,2023
1268,2023-06-22,NYC,0.0,6,2023
1269,2023-06-23,NYC,0.0,6,2023
1270,2023-06-24,NYC,0.03,6,2023
1271,2023-06-25,NYC,0.0,6,2023
1272,2023-06-26,NYC,0.01,6,2023
1273,2023-06-27,NYC,0.02,6,2023
1274,2023-06-28,NYC,0.17,6,2023
1275,2023-06-29,NYC,0.0,6,2023
1276,2023-06-30,NYC,0.0,6,2023
1277,2023-07-01,NYC,0.0,7,2023
1278,2023-07-02,NYC,0.47,7,2023
1279,2023-07-03,NYC,0.18,7,2023
1280,2023-07-04,NYC,0.14,7,2023
1281,2023-07-05,NYC,0.0,7,2023
1282,2023-07-06,NYC,0.0,7,2023
1283,2023-07-07,NYC,0.0,7,2023
1284,2023-07-08,NYC,0.0,7,2023
1285,2023-07-09,NYC,0.53,7,2023
1286,2023-07-10,NYC,0.0,7,2023
1287,2023-07-11,NYC,0.0,7,2023
1288,2023-07-12,NYC,0.0,7,2023
1289,2023-07-13,NYC,0.0,7,2023
1290,2023-07-14,NYC,0.12,7,2023
1291,2023-07-15,NYC,0.0,7,2023
1292,2023-07-16,NYC,0.45,7,2023
1293,2023-07-17,NYC,0.0,7,2023
1294,2023-07-18,NYC,1.39,7,2023
1295,2023-07-19,NYC,0.12,7,2023
1296,2023-07-20,NYC,0.0,7,2023
1297,2023-07-21,NYC,0.04,7,2023
1298,2023-07-22,NYC,0.0,7,2023
1299,2023-07-23,NYC,0.0,7,2023
1300,2023-07-24,NYC,0.0,7,2023
1301,2023-07-25,NYC,0.24,7,2023
1302,2023-07-26,NYC,0.0,7,2023
1303,2023-07-27,NYC,0.02,7,2023
1304,2023-07-28,NYC,0.04,7,2023
1305,2023-07-29,NYC,0.64,7,2023
1306,2023-07-30,NYC,0.0,7,2023
1307,2023-07-31,NYC,0.0,7,2023
1308,2023-08-01,NYC,0.0,8,2023
1309,2023-08-02,NYC,0.0,8,2023
1310,2023-08-03,NYC,0.0,8,2023
1311,2023-08-04,NYC,0.0,8,2023
1312,2023-08-05,NYC,0.0,8,2023
1313,2023-08-06,NYC,0.0,8,2023
1314,2023-08-07,NYC,0.83,8,2023
1315,2023-08-08,NYC,0.03,8,2023
1316,2023-08-09,NYC,0.0,8,2023
1317,2023-08-10,NYC,0.66,8,2023
1318,2023-08-11,NYC,0.0,8,2023
1319,2023-08-12,NYC,0.15,8,2023
1320,2023-08-13,NYC,0.63,8,2023
1321,2023-08-14,NYC,0.0,8,2023
1322,2023-08-15,NYC,0.33,8,2023
1323,2023-08-16,NYC,0.4,8,2023
1324,2023-08-17,NYC,0.0,8,2023
1325,2023-08-18,NYC,0.31,8,2023
1326,2023-08-19,NYC,0.0,8,2023
1327,2023-08-20,NYC,0.0,8,2023
1328,2023-08-21,NYC,0.0,8,2023
1329,2023-08-22,NYC,0.0,8,2023
1330,2023-08-23,NYC,0.0,8,2023
1331,2023-08-24,NYC,0.02,8,2023
1332,2023-08-25,NYC,0.41,8,2023
1333,2023-08-26,NYC,0.11,8,2023
1334,2023-08-27,NYC,0.0,8,2023
1335,2023-08-28,NYC,0.0,8,2023
1336,2023-08-29,NYC,0.0,8,2023
1337,2023-08-30,NYC,0.13,8,2023
1338,2023-08-31,NYC,0.0,8,2023
1339,2023-09-01,NYC,0.0,9,2023
1340,2023-09-02,NYC,0.0,9,2023
1341,2023-09-03,NYC,0.0,9,2023
1342,2023-09-04,NYC,0.0,9,2023
1343,2023-09-05,NYC,0.0,9,2023
1344,2023-09-06,NYC,0.0,9,2023
1345,2023-09-07,NYC,0.0,9,2023
1346,2023-09-08,NYC,0.01,9,2023
1347,2023-09-09,NYC,0.0,9,2023
1348,2023-09-10,NYC,1.11,9,2023
1349,2023-09-11,NYC,0.4,9,2023
1350,2023-09-12,NYC,0.0,9,2023
1351,2023-09-13,NYC,0.02,9,2023
1352,2023-09-14,NYC,0.0,9,2023
1353,2023-09-15,NYC,0.0,9,2023
1354,2023-09-16,NYC,0.0,9,2023
1355,2023-09-17,NYC,0.0,9,2023
1356,2023-09-18,NYC,0.7,9,2023
1357,2023-09-19,NYC,0.0,9,2023
1358,2023-09-20,NYC,0.0,9,2023
1359,2023-09-21,NYC,0.0,9,2023
1360,2023-09-22,NYC,0.0,9,2023
1361,2023-09-23,NYC,0.96,9,2023
1362,2023-09-24,NYC,0.56,9,2023
1363,2023-09-25,NYC,0.35,9,2023
1364,2023-09-26,NYC,0.01,9,2023
1365,2023-09-27,NYC,0.0,9,2023
1366,2023-09-28,NYC,0.62,9,2023
1367,2023-09-29,NYC,8.05,9,2023
1368,2023-09-30,NYC,0.22,9,2023
1369,2023-10-01,NYC,0.0,10,2023
1370,2023-10-02,NYC,0.0,10,2023
1371,2023-10-03,NYC,0.0,10,2023
1372,2023-10-04,NYC,0.0,10,2023
1373,2023-10-05,NYC,0.0,10,2023
1374,2023-10-06,NYC,0.0,10,2023
1375,2023-10-07,NYC,1.88,10,2023
1376,2023-10-08,NYC,0.0,10,2023
1377,2023-10-09,NYC,0.0,10,2023
1378,2023-10-10,NYC,0.0,10,2023
1379,2023-10-11,NYC,0.0,10,2023
1380,2023-10-12,NYC,0.0,10,2023
1381,2023-10-13,NYC,0.0,10,2023
1382,2023-10-14,NYC,0.8,10,2023
1383,2023-10-15,NYC,0.01,10,2023
1384,2023-10-16,NYC,0.0,10,2023
1385,2023-10-17,NYC,0.0,10,2023
1386,2023-10-18,NYC,0.0,10,2023
1387,2023-10-19,NYC,0.0,10,2023
1388,2023-10-20,NYC,0.67,10,2023
1389,2023-10-21,NYC,0.12,10,2023
1390,2023-10-22,NYC,0.0,10,2023
1391,2023-10-23,NYC,0.0,10,2023
1392,2023-10-24,NYC,0.0,10,2023
1393,2023-10-25,NYC,0.0,10,2023
1394,2023-10-26,NYC,0.0,10,2023
1395,2023-10-27,NYC,0.0,10,2023
1396,2023-10-28,NYC,0.0,10,2023
1397,2023-10-29,NYC,0.17,10,2023
1398,2023-10-30,NYC,0.4,10,2023
1399,2023-10-31,NYC,0.0,10,2023
1400,2023-11-01,NYC,0.02,11,2023
1401,2023-11-02,NYC,0.0,11,2023
1402,2023-11-03,NYC,0.0,11,2023
1403,2023-11-04,NYC,0.0,11,2023
1404,2023-11-05,NYC,0.0,11,2023
1405,2023-11-06,NYC,0.0,11,2023
1406,2023-11-07,NYC,0.01,11,2023
1407,2023-11-08,NYC,0.0,11,2023
1408,2023-11-09,NYC,0.0,11,2023
1409,2023-11-10,NYC,0.0,11,2023
1410,2023-11-11,NYC,0.0,11,2023
1411,2023-11-12,NYC,0.0,11,2023
1412,2023-11-13,NYC,0.0,11,2023
1413,2023-11-14,NYC,0.0,11,2023
1414,2023-11-15,NYC,0.0,11,2023
1415,2023-11-16,NYC,0.0,11,2023
1416,2023-11-17,NYC,0.0,11,2023
1417,2023-11-18,NYC,0.0,11,2023
1418,2023-11-19,NYC,0.0,11,2023
1419,2023-11-20,NYC,0.0,11,2023
1420,2023-11-21,NYC,0.46,11,2023
1421,2023-11-22,NYC,0.74,11,2023
1422,2023-11-23,NYC,0.0,11,2023
1423,2023-11-24,NYC,0.0,11,2023
1424,2023-11-25,NYC,0.0,11,2023
1425,2023-11-26,NYC,0.34,11,2023
1426,2023-11-27,NYC,0.02,11,2023
1427,2023-11-28,NYC,0.0,11,2023
1428,2023-11-29,NYC,0.0,11,2023
1429,2023-11-30,NYC,0.0,11,2023
1430,2023-12-01,NYC,0.55,12,2023
1431,2023-12-02,NYC,0.0,12,2023
1432,2023-12-03,NYC,0.74,12,2023
1433,2023-12-04,NYC,0.0,12,2023
1434,2023-12-05,NYC,0.0,12,2023
1435,2023-12-06,NYC,0.0,12,2023
1436,2023-12-07,NYC,0.0,12,2023
1437,2023-12-08,NYC,0.0,12,2023
1438,2023-12-09,NYC,0.0,12,2023
1439,2023-12-10,NYC,2.38,12,2023
1440,2023-12-11,NYC,0.59,12,2023
1441,2023-12-12,NYC,0.0,12,2023
1442,2023-12-13,NYC,0.0,12,2023
1443,2023-12-14,NYC,0.0,12,2023
1444,2023-12-15,NYC,0.0,12,2023
1445,2023-12-16,NYC,0.0,12,2023
1446,2023-12-17,NYC,0.12,12,2023
1447,2023-12-18,NYC,1.47,12,2023
1448,2023-12-19,NYC,0.0,12,2023
1449,2023-12-20,NYC,0.0,12,2023
1450,2023-12-21,NYC,0.0,12,2023
1451,2023-12-22,NYC,0.0,12,2023
1452,2023-12-23,NYC,0.0,12,2023
1453,2023-12-24,NYC,0.02,12,2023
1454,2023-12-25,NYC,0.0,12,2023
1455,2023-12-26,NYC,0.0,12,2023
1456,2023-12-27,NYC,0.19,12,2023
1457,2023-12-28,NYC,1.55,12,2023
1458,2023-12-29,NYC,0.02,12,2023
1459,2023-12-30,NYC,0.0,12,2023
1460,2023-12-31,NYC,0.0,12,2023
1461,2020-01-01,SEA,0.0,1,2020
1462,2020-01-02,SEA,0.21,1,2020
1463,2020-01-03,SEA,0.39,1,2020
1464,2020-01-04,SEA,0.1,1,2020
1465,2020-01-05,SEA,0.14,1,2020
1466,2020-01-06,SEA,0.77,1,2020
1467,2020-01-07,SEA,0.28,1,2020
1468,2020-01-08,SEA,0.04,1,2020
1469,2020-01-09,SEA,0.06,1,2020
1470,2020-01-10,SEA,0.5,1,2020
1471,2020-01-11,SEA,0.09,1,2020
1472,2020-01-12,SEA,0.18,1,2020
1473,2020-01-13,SEA,0.09,1,2020
1474,2020-01-14,SEA,0.01,1,2020
1475,2020-01-15,SEA,0.01,1,2020
1476,2020-01-16,SEA,0.0,1,2020
1477,2020-01-17,SEA,0.02,1,2020
1478,2020-01-18,SEA,0.34,1,2020
1479,2020-01-19,SEA,0.03,1,2020
1480,2020-01-20,SEA,0.0,1,2020
1481,2020-01-21,SEA,0.52,1,2020
1482,2020-01-22,SEA,0.22,1,2020
1483,2020-01-23,SEA,0.99,1,2020
1484,2020-01-24,SEA,0.47,1,2020
1485,2020-01-25,SEA,0.16,1,2020
1486,2020-01-26,SEA,0.35,1,2020
1487,2020-01-27,SEA,0.61,1,2020
1488,2020-01-28,SEA,0.67,1,2020
1489,2020-01-29,SEA,0.37,1,2020
1490,2020-01-30,SEA,0.41,1,2020
1491,2020-01-31,SEA,0.78,1,2020
1492,2020-02-01,SEA,1.18,2,2020
1493,2020-02-02,SEA,0.0,2,2020
1494,2020-02-03,SEA,0.11,2,2020
1495,2020-02-04,SEA,0.060000000000000005,2,2020
1496,2020-02-05,SEA,0.52,2,2020
1497,2020-02-06,SEA,0.83,2,2020
1498,2020-02-07,SEA,0.43,2,2020
1499,2020-02-08,SEA,0.04,2,2020
1500,2020-02-09,SEA,0.0,2,2020
1501,2020-02-10,SEA,0.0,2,2020
1502,2020-02-11,SEA,0.01,2,2020
1503,2020-02-12,SEA,0.07,2,2020
1504,2020-02-13,SEA,0.45999999999999996,2,2020
1505,2020-02-14,SEA,0.11,2,2020
1506,2020-02-15,SEA,0.11,2,2020
1507,2020-02-16,SEA,0.0,2,2020
1508,2020-02-17,SEA,0.0,2,2020
1509,2020-02-18,SEA,0.0,2,2020
1510,2020-02-19,SEA,0.06666666666666667,2,2020
1511,2020-02-20,SEA,0.0,2,2020
1512,2020-02-21,SEA,0.14666666666666667,2,2020
1513,2020-02-22,SEA,0.07,2,2020
1514,2020-02-23,SEA,0.18,2,2020
1515,2020-02-24,SEA,0.0033333333333333335,2,2020
1516,2020-02-25,SEA,0.0,2,2020
1517,2020-02-26,SEA,0.05,2,2020
1518,2020-02-27,SEA,0.0,2,2020
1519,2020-02-28,SEA,0.09,2,2020
1520,2020-02-29,SEA,0.12,2,2020
1521,2020-03-01,SEA,0.0,3,2020
1522,2020-03-02,SEA,0.01,3,2020
1523,2020-03-03,SEA,0.18,3,2020
1524,2020-03-04,SEA,0.0,3,2020
1525,2020-03-05,SEA,0.23,3,2020
1526,2020-03-06,SEA,0.14,3,2020
1527,2020-03-07,SEA,0.04,3,2020
1528,2020-03-08,SEA,0.0,3,2020
1529,2020-03-09,SEA,0.0,3,2020
1530,2020-03-10,SEA,0.0,3,2020
1531,2020-03-11,SEA,0.07,3,2020
1532,2020-03-12,SEA,0.0,3,2020
1533,2020-03-13,SEA,0.38,3,2020
1534,2020-03-14,SEA,0.0,3,2020
1535,2020-03-15,SEA,0.0,3,2020
1536,2020-03-16,SEA,0.0,3,2020
1537,2020-03-17,SEA,0.175,3,2020
1538,2020-03-18,SEA,0.12,3,2020
1539,2020-03-19,SEA,0.0,3,2020
1540,2020-03-20,SEA,0.0,3,2020
1541,2020-03-21,SEA,0.0,3,2020
1542,2020-03-22,SEA,0.043333333333333335,3,2020
1543,2020-03-23,SEA,0.1,3,2020
1544,2020-03-24,SEA,0.04,3,2020
1545,2020-03-25,SEA,0.18,3,2020
1546,2020-03-26,SEA,0.0,3,2020
1547,2020-03-27,SEA,0.02,3,2020
1548,2020-03-28,SEA,0.32,3,2020
1549,2020-03-29,SEA,0.58,3,2020
1550,2020-03-30,SEA,0.51,3,2020
1551,2020-03-31,SEA,0.03,3,2020
1552,2020-04-01,SEA,0.01,4,2020
1553,2020-04-02,SEA,0.0,4,2020
1554,2020-04-03,SEA,0.0,4,2020
1555,2020-04-04,SEA,0.0,4,2020
1556,2020-04-05,SEA,0.0,4,2020
1557,2020-04-06,SEA,0.0,4,2020
1558,2020-04-07,SEA,0.0,4,2020
1559,2020-04-08,SEA,0.0,4,2020
1560,2020-04-09,SEA,0.0,4,2020
1561,2020-04-10,SEA,0.0,4,2020
1562,2020-04-11,SEA,0.0,4,2020
1563,2020-04-12,SEA,0.0,4,2020
1564,2020-04-13,SEA,0.0,4,2020
1565,2020-04-14,SEA,0.0,4,2020
1566,2020-04-15,SEA,0.0,4,2020
1567,2020-04-16,SEA,0.0,4,2020
1568,2020-04-17,SEA,0.0,4,2020
1569,2020-04-18,SEA,0.05,4,2020
1570,2020-04-19,SEA,0.0,4,2020
1571,2020-04-20,SEA,0.0,4,2020
1572,2020-04-21,SEA,0.0,4,2020
1573,2020-04-22,SEA,0.5,4,2020
1574,2020-04-23,SEA,0.3,4,2020
1575,2020-04-24,SEA,0.0,4,2020
1576,2020-04-25,SEA,0.59,4,2020
1577,2020-04-26,SEA,0.12,4,2020
1578,2020-04-27,SEA,0.09,4,2020
1579,2020-04-28,SEA,0.0,4,2020
1580,2020-04-29,SEA,0.04,4,2020
1581,2020-04-30,SEA,0.0,4,2020
1582,2020-05-01,SEA,0.0,5,2020
1583,2020-05-02,SEA,0.24,5,2020
1584,2020-05-03,SEA,0.02666666666666667,5,2020
1585,2020-05-04,SEA,0.0,5,2020
1586,2020-05-05,SEA,0.0,5,2020
1587,2020-05-06,SEA,0.11,5,2020
1588,2020-05-07,SEA,0.0,5,2020
1589,2020-05-08,SEA,0.0,5,2020
1590,2020-05-09,SEA,0.0,5,2020
1591,2020-05-10,SEA,0.0,5,2020
1592,2020-05-11,SEA,0.01,5,2020
1593,2020-05-12,SEA,0.0,5,2020
1594,2020-05-13,SEA,0.0,5,2020
1595,2020-05-14,SEA,0.11,5,2020
1596,2020-05-15,SEA,0.0,5,2020
1597,2020-05-16,SEA,0.54,5,2020
1598,2020-05-17,SEA,0.13,5,2020
1599,2020-05-18,SEA,0.0,5,2020
1600,2020-05-19,SEA,0.0,5,2020
1601,2020-05-20,SEA,0.0,5,2020
1602,2020-05-21,SEA,0.36,5,2020
1603,2020-05-22,SEA,0.05,5,2020
1604,2020-05-23,SEA,0.043333333333333335,5,2020
1605,2020-05-24,SEA,0.0,5,2020
1606,2020-05-25,SEA,0.11,5,2020
1607,2020-05-26,SEA,0.0,5,2020
1608,2020-05-27,SEA,0.0,5,2020
1609,2020-05-28,SEA,0.0,5,2020
1610,2020-05-29,SEA,0.0,5,2020
1611,2020-05-30,SEA,0.0,5,2020
1612,2020-05-31,SEA,0.18,5,2020
1613,2020-06-01,SEA,0.0,6,2020
1614,2020-06-02,SEA,0.0,6,2020
1615,2020-06-03,SEA,0.0,6,2020
1616,2020-06-04,SEA,0.0,6,2020
1617,2020-06-05,SEA,0.0,6,2020
1618,2020-06-06,SEA,0.055,6,2020
1619,2020-06-07,SEA,0.02,6,2020
1620,2020-06-08,SEA,0.03,6,2020
1621,2020-06-09,SEA,0.45,6,2020
1622,2020-06-10,SEA,0.02,6,2020
1623,2020-06-11,SEA,0.12,6,2020
1624,2020-06-12,SEA,0.27,6,2020
1625,2020-06-13,SEA,0.11,6,2020
1626,2020-06-14,SEA,0.0,6,2020
1627,2020-06-15,SEA,0.18,6,2020
1628,2020-06-16,SEA,0.01,6,2020
1629,2020-06-17,SEA,0.0,6,2020
1630,2020-06-18,SEA,0.0,6,2020
1631,2020-06-19,SEA,0.0,6,2020
1632,2020-06-20,SEA,0.0,6,2020
1633,2020-06-21,SEA,0.0,6,2020
1634,2020-06-22,SEA,0.0,6,2020
1635,2020-06-23,SEA,0.0,6,2020
1636,2020-06-24,SEA,0.0,6,2020
1637,2020-06-25,SEA,0.0,6,2020
1638,2020-06-26,SEA,0.0,6,2020
1639,2020-06-27,SEA,0.56,6,2020
1640,2020-06-28,SEA,0.34,6,2020
1641,2020-06-29,SEA,0.0,6,2020
1642,2020-06-30,SEA,0.13,6,2020
1643,2020-07-01,SEA,0.0,7,2020
1644,2020-07-02,SEA,0.0,7,2020
1645,2020-07-03,SEA,0.0,7,2020
1646,2020-07-04,SEA,0.0,7,2020
1647,2020-07-05,SEA,0.0,7,2020
1648,2020-07-06,SEA,0.0,7,2020
1649,2020-07-07,SEA,0.0,7,2020
1650,2020-07-08,SEA,0.0,7,2020
1651,2020-07-09,SEA,0.01,7,2020
1652,2020-07-10,SEA,0.0,7,2020
1653,2020-07-11,SEA,0.0,7,2020
1654,2020-07-12,SEA,0.0,7,2020
1655,2020-07-13,SEA,0.0,7,2020
1656,2020-07-14,SEA,0.0,7,2020
1657,2020-07-15,SEA,0.0,7,2020
1658,2020-07-16,SEA,0.0,7,2020
1659,2020-07-17,SEA,0.13,7,2020
1660,2020-07-18,SEA,0.0,7,2020
1661,2020-07-19,SEA,0.0,7,2020
1662,2020-07-20,SEA,0.0,7,2020
1663,2020-07-21,SEA,0.0,7,2020
1664,2020-07-22,SEA,0.0,7,2020
1665,2020-07-23,SEA,0.0,7,2020
1666,2020-07-24,SEA,0.0,7,2020
1667,2020-07-25,SEA,0.0,7,2020
1668,2020-07-26,SEA,0.0,7,2020
1669,2020-07-27,SEA,0.0,7,2020
1670,2020-07-28,SEA,0.0,7,2020
1671,2020-07-29,SEA,0.0,7,2020
1672,2020-07-30,SEA,0.0,7,2020
1673,2020-07-31,SEA,0.0,7,2020
1674,2020-08-01,SEA,0.0,8,2020
1675,2020-08-02,SEA,0.0,8,2020
1676,2020-08-03,SEA,0.0,8,2020
1677,2020-08-04,SEA,0.0,8,2020
1678,2020-08-05,SEA,0.0,8,2020
1679,2020-08-06,SEA,0.08,8,2020
1680,2020-08-07,SEA,0.0,8,2020
1681,2020-08-08,SEA,0.01,8,2020
1682,2020-08-09,SEA,0.01,8,2020
1683,2020-08-10,SEA,0.0,8,2020
1684,2020-08-11,SEA,0.0,8,2020
1685,2020-08-12,SEA,0.0,8,2020
1686,2020-08-13,SEA,0.0,8,2020
1687,2020-08-14,SEA,0.0,8,2020
1688,2020-08-15,SEA,0.0,8,2020
1689,2020-08-16,SEA,0.0,8,2020
1690,2020-08-17,SEA,0.0,8,2020
1691,2020-08-18,SEA,0.0,8,2020
1692,2020-08-19,SEA,0.0,8,2020
1693,2020-08-20,SEA,0.08,8,2020
1694,2020-08-21,SEA,0.11,8,2020
1695,2020-08-22,SEA,0.01,8,2020
1696,2020-08-23,SEA,0.0,8,2020
1697,2020-08-24,SEA,0.0,8,2020
1698,2020-08-25,SEA,0.0,8,2020
1699,2020-08-26,SEA,0.0,8,2020
1700,2020-08-27,SEA,0.0,8,2020
1701,2020-08-28,SEA,0.0,8,2020
1702,2020-08-29,SEA,0.0,8,2020
1703,2020-08-30,SEA,0.01,8,2020
1704,2020-08-31,SEA,0.02,8,2020
1705,2020-09-01,SEA,0.0,9,2020
1706,2020-09-02,SEA,0.0,9,2020
1707,2020-09-03,SEA,0.0,9,2020
1708,2020-09-04,SEA,0.0,9,2020
1709,2020-09-05,SEA,0.0,9,2020
1710,2020-09-06,SEA,0.0,9,2020
1711,2020-09-07,SEA,0.0,9,2020
1712,2020-09-08,SEA,0.0,9,2020
1713,2020-09-09,SEA,0.0,9,2020
1714,2020-09-10,SEA,0.0,9,2020
1715,2020-09-11,SEA,0.0,9,2020
1716,2020-09-12,SEA,0.0,9,2020
1717,2020-09-13,SEA,0.0,9,2020
1718,2020-09-14,SEA,0.05,9,2020
1719,2020-09-15,SEA,0.01,9,2020
1720,2020-09-16,SEA,0.0,9,2020
1721,2020-09-17,SEA,0.0,9,2020
1722,2020-09-18,SEA,0.29,9,2020
1723,2020-09-19,SEA,0.13666666666666666,9,2020
1724,2020-09-20,SEA,0.07,9,2020
1725,2020-09-21,SEA,0.0,9,2020
1726,2020-09-22,SEA,0.11,9,2020
1727,2020-09-23,SEA,1.08,9,2020
1728,2020-09-24,SEA,0.08,9,2020
1729,2020-09-25,SEA,0.75,9,2020
1730,2020-09-26,SEA,0.0,9,2020
1731,2020-09-27,SEA,0.09,9,2020
1732,2020-09-28,SEA,0.0,9,2020
1733,2020-09-29,SEA,0.0,9,2020
1734,2020-09-30,SEA,0.0,9,2020
1735,2020-10-01,SEA,0.0,10,2020
1736,2020-10-02,SEA,0.0,10,2020
1737,2020-10-03,SEA,0.0,10,2020
1738,2020-10-04,SEA,0.0,10,2020
1739,2020-10-05,SEA,0.01,10,2020
1740,2020-10-06,SEA,0.0,10,2020
1741,2020-10-07,SEA,0.0,10,2020
1742,2020-10-08,SEA,0.0,10,2020
1743,2020-10-09,SEA,0.52,10,2020
1744,2020-10-10,SEA,0.15,10,2020
1745,2020-10-11,SEA,0.61,10,2020
1746,2020-10-12,SEA,0.0,10,2020
1747,2020-10-13,SEA,0.0,10,2020
1748,2020-10-14,SEA,0.0,10,2020
1749,2020-10-15,SEA,0.18999999999999997,10,2020
1750,2020-10-16,SEA,0.07,10,2020
1751,2020-10-17,SEA,0.03,10,2020
1752,2020-10-18,SEA,0.01,10,2020
1753,2020-10-19,SEA,0.06,10,2020
1754,2020-10-20,SEA,0.0,10,2020
1755,2020-10-21,SEA,0.05,10,2020
1756,2020-10-22,SEA,0.0,10,2020
1757,2020-10-23,SEA,0.11,10,2020
1758,2020-10-24,SEA,0.0,10,2020
1759,2020-10-25,SEA,0.0,10,2020
1760,2020-10-26,SEA,0.0,10,2020
1761,2020-10-27,SEA,0.7566666666666667,10,2020
1762,2020-10-28,SEA,0.0,10,2020
1763,2020-10-29,SEA,0.02,10,2020
1764,2020-10-30,SEA,0.04,10,2020
1765,2020-10-31,SEA,0.22666666666666666,10,2020
1766,2020-11-01,SEA,0.38000000000000006,11,2020
1767,2020-11-02,SEA,0.0,11,2020
1768,2020-11-03,SEA,0.9,11,2020
1769,2020-11-04,SEA,0.18,11,2020
1770,2020-11-05,SEA,0.32,11,2020
1771,2020-11-06,SEA,0.0,11,2020
1772,2020-11-07,SEA,0.0,11,2020
1773,2020-11-08,SEA,0.0,11,2020
1774,2020-11-09,SEA,0.06,11,2020
1775,2020-11-10,SEA,0.04,11,2020
1776,2020-11-11,SEA,0.31333333333333335,11,2020
1777,2020-11-12,SEA,0.33,11,2020
1778,2020-11-13,SEA,0.49,11,2020
1779,2020-11-14,SEA,0.06666666666666667,11,2020
1780,2020-11-15,SEA,0.0,11,2020
1781,2020-11-16,SEA,0.0,11,2020
1782,2020-11-17,SEA,0.22666666666666666,11,2020
1783,2020-11-18,SEA,0.39,11,2020
1784,2020-11-19,SEA,0.16,11,2020
1785,2020-11-20,SEA,0.05666666666666667,11,2020
1786,2020-11-21,SEA,0.65,11,2020
1787,2020-11-22,SEA,0.11,11,2020
1788,2020-11-23,SEA,0.12,11,2020
1789,2020-11-24,SEA,0.13,11,2020
1790,2020-11-25,SEA,0.03,11,2020
1791,2020-11-26,SEA,0.0,11,2020
1792,2020-11-27,SEA,0.01,11,2020
1793,2020-11-28,SEA,0.02,11,2020
1794,2020-11-29,SEA,0.0,11,2020
1795,2020-11-30,SEA,0.43,11,2020
1796,2020-12-01,SEA,0.0,12,2020
1797,2020-12-02,SEA,0.0,12,2020
1798,2020-12-03,SEA,0.0,12,2020
1799,2020-12-04,SEA,0.0,12,2020
1800,2020-12-05,SEA,0.19499999999999998,12,2020
1801,2020-12-06,SEA,0.03,12,2020
1802,2020-12-07,SEA,0.0,12,2020
1803,2020-12-08,SEA,0.73,12,2020
1804,2020-12-09,SEA,0.17,12,2020
1805,2020-12-10,SEA,0.17333333333333334,12,2020
1806,2020-12-11,SEA,0.0,12,2020
1807,2020-12-12,SEA,0.0,12,2020
1808,2020-12-13,SEA,0.2,12,2020
1809,2020-12-14,SEA,0.1,12,2020
1810,2020-12-15,SEA,0.42,12,2020
1811,2020-12-16,SEA,0.10666666666666667,12,2020
1812,2020-12-17,SEA,0.07,12,2020
1813,2020-12-18,SEA,0.19,12,2020
1814,2020-12-19,SEA,0.45,12,2020
1815,2020-12-20,SEA,0.06,12,2020
1816,2020-12-21,SEA,1.64,12,2020
1817,2020-12-22,SEA,0.0,12,2020
1818,2020-12-23,SEA,0.6166666666666667,12,2020
1819,2020-12-24,SEA,0.0,12,2020
1820,2020-12-25,SEA,0.34,12,2020
1821,2020-12-26,SEA,0.11,12,2020
1822,2020-12-27,SEA,0.13,12,2020
1823,2020-12-28,SEA,0.0,12,2020
1824,2020-12-29,SEA,0.16,12,2020
1825,2020-12-30,SEA,0.97,12,2020
1826,2020-12-31,SEA,,12,2020
1827,2021-01-01,SEA,0.42,1,2021
1828,2021-01-02,SEA,1.71,1,2021
1829,2021-01-03,SEA,0.44,1,2021
1830,2021-01-04,SEA,0.39,1,2021
1831,2021-01-05,SEA,0.66,1,2021
1832,2021-01-06,SEA,0.19,1,2021
1833,2021-01-07,SEA,0.0,1,2021
1834,2021-01-08,SEA,0.22,1,2021
1835,2021-01-09,SEA,0.0,1,2021
1836,2021-01-10,SEA,0.12,1,2021
1837,2021-01-11,SEA,0.97,1,2021
1838,2021-01-12,SEA,0.32,1,2021
1839,2021-01-13,SEA,0.08,1,2021
1840,2021-01-14,SEA,0.05,1,2021
1841,2021-01-15,SEA,0.14333333333333334,1,2021
1842,2021-01-16,SEA,0.0,1,2021
1843,2021-01-17,SEA,0.04,1,2021
1844,2021-01-18,SEA,0.0,1,2021
1845,2021-01-19,SEA,0.0,1,2021
1846,2021-01-20,SEA,0.0,1,2021
1847,2021-01-21,SEA,0.04,1,2021
1848,2021-01-22,SEA,0.08333333333333333,1,2021
1849,2021-01-23,SEA,0.495,1,2021
1850,2021-01-24,SEA,0.18,1,2021
1851,2021-01-25,SEA,0.0,1,2021
1852,2021-01-26,SEA,0.12666666666666668,1,2021
1853,2021-01-27,SEA,0.12,1,2021
1854,2021-01-28,SEA,0.27,1,2021
1855,2021-01-29,SEA,0.07,1,2021
1856,2021-01-30,SEA,0.16,1,2021
1857,2021-01-31,SEA,0.18,1,2021
1858,2021-02-01,SEA,0.88,2,2021
1859,2021-02-02,SEA,0.61,2,2021
1860,2021-02-03,SEA,0.07,2,2021
1861,2021-02-04,SEA,0.01,2,2021
1862,2021-02-05,SEA,0.0,2,2021
1863,2021-02-06,SEA,0.0,2,2021
1864,2021-02-07,SEA,0.27666666666666667,2,2021
1865,2021-02-08,SEA,0.0,2,2021
1866,2021-02-09,SEA,0.0,2,2021
1867,2021-02-10,SEA,0.0,2,2021
1868,2021-02-11,SEA,0.005,2,2021
1869,2021-02-12,SEA,0.14,2,2021
1870,2021-02-13,SEA,0.57,2,2021
1871,2021-02-14,SEA,0.31,2,2021
1872,2021-02-15,SEA,0.41,2,2021
1873,2021-02-16,SEA,0.0,2,2021
1874,2021-02-17,SEA,0.0,2,2021
1875,2021-02-18,SEA,0.01,2,2021
1876,2021-02-19,SEA,0.14,2,2021
1877,2021-02-20,SEA,0.0,2,2021
1878,2021-02-21,SEA,0.32,2,2021
1879,2021-02-22,SEA,0.35,2,2021
1880,2021-02-23,SEA,0.36,2,2021
1881,2021-02-24,SEA,0.01,2,2021
1882,2021-02-25,SEA,0.24,2,2021
1883,2021-02-26,SEA,0.13,2,2021
1884,2021-02-27,SEA,0.0,2,2021
1885,2021-02-28,SEA,0.01,2,2021
1886,2021-03-01,SEA,0.0,3,2021
1887,2021-03-02,SEA,0.0,3,2021
1888,2021-03-03,SEA,0.0,3,2021
1889,2021-03-04,SEA,0.3,3,2021
1890,2021-03-05,SEA,0.04,3,2021
1891,2021-03-06,SEA,0.01,3,2021
1892,2021-03-07,SEA,0.14,3,2021
1893,2021-03-08,SEA,0.0,3,2021
1894,2021-03-09,SEA,0.0,3,2021
1895,2021-03-10,SEA,0.0,3,2021
1896,2021-03-11,SEA,0.0,3,2021
1897,2021-03-12,SEA,0.0,3,2021
1898,2021-03-13,SEA,0.0,3,2021
1899,2021-03-14,SEA,0.29,3,2021
1900,2021-03-15,SEA,0.0,3,2021
1901,2021-03-16,SEA,0.0,3,2021
1902,2021-03-17,SEA,0.0,3,2021
1903,2021-03-18,SEA,0.14,3,2021
1904,2021-03-19,SEA,0.05,3,2021
1905,2021-03-20,SEA,0.25,3,2021
1906,2021-03-21,SEA,0.08,3,2021
1907,2021-03-22,SEA,0.08,3,2021
1908,2021-03-23,SEA,0.0,3,2021
1909,2021-03-24,SEA,0.05,3,2021
1910,2021-03-25,SEA,0.55,3,2021
1911,2021-03-26,SEA,0.0,3,2021
1912,2021-03-27,SEA,0.0,3,2021
1913,2021-03-28,SEA,0.006666666666666667,3,2021
1914,2021-03-29,SEA,0.0,3,2021
1915,2021-03-30,SEA,0.0,3,2021
1916,2021-03-31,SEA,0.0,3,2021
1917,2021-04-01,SEA,0.0,4,2021
1918,2021-04-02,SEA,0.0,4,2021
1919,2021-04-03,SEA,0.0,4,2021
1920,2021-04-04,SEA,0.0,4,2021
1921,2021-04-05,SEA,0.0,4,2021
1922,2021-04-06,SEA,0.0,4,2021
1923,2021-04-07,SEA,0.03,4,2021
1924,2021-04-08,SEA,0.02,4,2021
1925,2021-04-09,SEA,0.01,4,2021
1926,2021-04-10,SEA,0.01,4,2021
1927,2021-04-11,SEA,0.0,4,2021
1928,2021-04-12,SEA,0.0033333333333333335,4,2021
1929,2021-04-13,SEA,0.0,4,2021
1930,2021-04-14,SEA,0.0,4,2021
1931,2021-04-15,SEA,0.0,4,2021
1932,2021-04-16,SEA,0.0,4,2021
1933,2021-04-17,SEA,0.0,4,2021
1934,2021-04-18,SEA,0.0,4,2021
1935,2021-04-19,SEA,0.0,4,2021
1936,2021-04-20,SEA,0.0,4,2021
1937,2021-04-21,SEA,0.0,4,2021
1938,2021-04-22,SEA,0.0,4,2021
1939,2021-04-23,SEA,0.32,4,2021
1940,2021-04-24,SEA,0.51,4,2021
1941,2021-04-25,SEA,0.1,4,2021
1942,2021-04-26,SEA,0.0,4,2021
1943,2021-04-27,SEA,0.0,4,2021
1944,2021-04-28,SEA,0.0,4,2021
1945,2021-04-29,SEA,0.0,4,2021
1946,2021-04-30,SEA,0.11,4,2021
1947,2021-05-01,SEA,0.006666666666666667,5,2021
1948,2021-05-02,SEA,0.0,5,2021
1949,2021-05-03,SEA,0.08,5,2021
1950,2021-05-04,SEA,0.03,5,2021
1951,2021-05-05,SEA,0.0,5,2021
1952,2021-05-06,SEA,0.0,5,2021
1953,2021-05-07,SEA,0.0,5,2021
1954,2021-05-08,SEA,0.0,5,2021
1955,2021-05-09,SEA,0.1,5,2021
1956,2021-05-10,SEA,0.0,5,2021
1957,2021-05-11,SEA,0.0,5,2021
1958,2021-05-12,SEA,0.0,5,2021
1959,2021-05-13,SEA,0.0,5,2021
1960,2021-05-14,SEA,0.0,5,2021
1961,2021-05-15,SEA,0.0,5,2021
1962,2021-05-16,SEA,0.0,5,2021
1963,2021-05-17,SEA,0.07,5,2021
1964,2021-05-18,SEA,0.185,5,2021
1965,2021-05-19,SEA,0.0,5,2021
1966,2021-05-20,SEA,0.005,5,2021
1967,2021-05-21,SEA,0.0,5,2021
1968,2021-05-22,SEA,0.0,5,2021
1969,2021-05-23,SEA,0.0,5,2021
1970,2021-05-24,SEA,0.13,5,2021
1971,2021-05-25,SEA,0.0,5,2021
1972,2021-05-26,SEA,0.11666666666666665,5,2021
1973,2021-05-27,SEA,0.43,5,2021
1974,2021-05-28,SEA,0.0,5,2021
1975,2021-05-29,SEA,0.0,5,2021
1976,2021-05-30,SEA,0.0,5,2021
1977,2021-05-31,SEA,0.0,5,2021
1978,2021-06-01,SEA,0.0,6,2021
1979,2021-06-02,SEA,0.0,6,2021
1980,2021-06-03,SEA,0.0,6,2021
1981,2021-06-04,SEA,0.09000000000000001,6,2021
1982,2021-06-05,SEA,0.0,6,2021
1983,2021-06-06,SEA,0.0,6,2021
1984,2021-06-07,SEA,0.11,6,2021
1985,2021-06-08,SEA,0.01,6,2021
1986,2021-06-09,SEA,0.44,6,2021
1987,2021-06-10,SEA,0.0,6,2021
1988,2021-06-11,SEA,0.46,6,2021
1989,2021-06-12,SEA,0.065,6,2021
1990,2021-06-13,SEA,0.81,6,2021
1991,2021-06-14,SEA,0.04,6,2021
1992,2021-06-15,SEA,0.0,6,2021
1993,2021-06-16,SEA,0.10666666666666667,6,2021
1994,2021-06-17,SEA,0.0,6,2021
1995,2021-06-18,SEA,0.060000000000000005,6,2021
1996,2021-06-19,SEA,0.0,6,2021
1997,2021-06-20,SEA,0.13999999999999999,6,2021
1998,2021-06-21,SEA,0.0,6,2021
1999,2021-06-22,SEA,0.0,6,2021
2000,2021-06-23,SEA,0.0,6,2021
2001,2021-06-24,SEA,0.0,6,2021
2002,2021-06-25,SEA,0.0,6,2021
2003,2021-06-26,SEA,0.0,6,2021
2004,2021-06-27,SEA,0.0,6,2021
2005,2021-06-28,SEA,0.0,6,2021
2006,2021-06-29,SEA,0.0,6,2021
2007,2021-06-30,SEA,0.0,6,2021
2008,2021-07-01,SEA,0.0,7,2021
2009,2021-07-02,SEA,0.0,7,2021
2010,2021-07-03,SEA,0.0,7,2021
2011,2021-07-04,SEA,0.0,7,2021
2012,2021-07-05,SEA,0.0,7,2021
2013,2021-07-06,SEA,0.0,7,2021
2014,2021-07-07,SEA,0.0,7,2021
2015,2021-07-08,SEA,0.0,7,2021
2016,2021-07-09,SEA,0.0,7,2021
2017,2021-07-10,SEA,0.0,7,2021
2018,2021-07-11,SEA,0.0,7,2021
2019,2021-07-12,SEA,0.0,7,2021
2020,2021-07-13,SEA,0.0,7,2021
2021,2021-07-14,SEA,0.0,7,2021
2022,2021-07-15,SEA,0.0,7,2021
2023,2021-07-16,SEA,0.0,7,2021
2024,2021-07-17,SEA,0.0,7,2021
2025,2021-07-18,SEA,0.0,7,2021
2026,2021-07-19,SEA,0.0,7,2021
2027,2021-07-20,SEA,0.0,7,2021
2028,2021-07-21,SEA,0.0,7,2021
2029,2021-07-22,SEA,0.0,7,2021
2030,2021-07-23,SEA,0.0,7,2021
2031,2021-07-24,SEA,0.0,7,2021
2032,2021-07-25,SEA,0.0,7,2021
2033,2021-07-26,SEA,0.0,7,2021
2034,2021-07-27,SEA,0.0,7,2021
2035,2021-07-28,SEA,0.0,7,2021
2036,2021-07-29,SEA,0.0,7,2021
2037,2021-07-30,SEA,0.0,7,2021
2038,2021-07-31,SEA,0.0,7,2021
2039,2021-08-01,SEA,0.0,8,2021
2040,2021-08-02,SEA,0.0,8,2021
2041,2021-08-03,SEA,0.0,8,2021
2042,2021-08-04,SEA,0.0,8,2021
2043,2021-08-05,SEA,0.006666666666666667,8,2021
2044,2021-08-06,SEA,0.03,8,2021
2045,2021-08-07,SEA,0.0,8,2021
2046,2021-08-08,SEA,0.0,8,2021
2047,2021-08-09,SEA,0.0,8,2021
2048,2021-08-10,SEA,0.0,8,2021
2049,2021-08-11,SEA,0.0,8,2021
2050,2021-08-12,SEA,0.0,8,2021
2051,2021-08-13,SEA,0.0,8,2021
2052,2021-08-14,SEA,0.0,8,2021
2053,2021-08-15,SEA,0.0,8,2021
2054,2021-08-16,SEA,0.0,8,2021
2055,2021-08-17,SEA,0.0,8,2021
2056,2021-08-18,SEA,0.0,8,2021
2057,2021-08-19,SEA,0.0,8,2021
2058,2021-08-20,SEA,0.0,8,2021
2059,2021-08-21,SEA,0.0,8,2021
2060,2021-08-22,SEA,0.0,8,2021
2061,2021-08-23,SEA,0.0,8,2021
2062,2021-08-24,SEA,0.0,8,2021
2063,2021-08-25,SEA,0.0,8,2021
2064,2021-08-26,SEA,0.0,8,2021
2065,2021-08-27,SEA,0.02,8,2021
2066,2021-08-28,SEA,0.0,8,2021
2067,2021-08-29,SEA,0.0,8,2021
2068,2021-08-30,SEA,0.0,8,2021
2069,2021-08-31,SEA,0.01,8,2021
2070,2021-09-01,SEA,0.0,9,2021
2071,2021-09-02,SEA,0.0,9,2021
2072,2021-09-03,SEA,0.0,9,2021
2073,2021-09-04,SEA,0.02666666666666667,9,2021
2074,2021-09-05,SEA,0.0,9,2021
2075,2021-09-06,SEA,0.0,9,2021
2076,2021-09-07,SEA,0.0,9,2021
2077,2021-09-08,SEA,0.0,9,2021
2078,2021-09-09,SEA,0.0,9,2021
2079,2021-09-10,SEA,0.0,9,2021
2080,2021-09-11,SEA,0.0,9,2021
2081,2021-09-12,SEA,0.02,9,2021
2082,2021-09-13,SEA,0.0,9,2021
2083,2021-09-14,SEA,0.0,9,2021
2084,2021-09-15,SEA,0.13,9,2021
2085,2021-09-16,SEA,0.0,9,2021
2086,2021-09-17,SEA,0.58,9,2021
2087,2021-09-18,SEA,0.03666666666666667,9,2021
2088,2021-09-19,SEA,0.0,9,2021
2089,2021-09-20,SEA,0.0,9,2021
2090,2021-09-21,SEA,0.035,9,2021
2091,2021-09-22,SEA,0.01,9,2021
2092,2021-09-23,SEA,0.0,9,2021
2093,2021-09-24,SEA,0.0,9,2021
2094,2021-09-25,SEA,0.0,9,2021
2095,2021-09-26,SEA,0.48,9,2021
2096,2021-09-27,SEA,0.34,9,2021
2097,2021-09-28,SEA,0.05,9,2021
2098,2021-09-29,SEA,0.08,9,2021
2099,2021-09-30,SEA,0.52,9,2021
2100,2021-10-01,SEA,0.0,10,2021
2101,2021-10-02,SEA,0.0,10,2021
2102,2021-10-03,SEA,0.02,10,2021
2103,2021-10-04,SEA,0.0,10,2021
2104,2021-10-05,SEA,0.0,10,2021
2105,2021-10-06,SEA,0.03,10,2021
2106,2021-10-07,SEA,0.0,10,2021
2107,2021-10-08,SEA,0.0,10,2021
2108,2021-10-09,SEA,0.05,10,2021
2109,2021-10-10,SEA,0.46,10,2021
2110,2021-10-11,SEA,0.06,10,2021
2111,2021-10-12,SEA,0.09,10,2021
2112,2021-10-13,SEA,0.02,10,2021
2113,2021-10-14,SEA,0.0,10,2021
2114,2021-10-15,SEA,0.02,10,2021
2115,2021-10-16,SEA,0.0,10,2021
2116,2021-10-17,SEA,0.01,10,2021
2117,2021-10-18,SEA,0.01,10,2021
2118,2021-10-19,SEA,0.0,10,2021
2119,2021-10-20,SEA,0.02,10,2021
2120,2021-10-21,SEA,0.54,10,2021
2121,2021-10-22,SEA,0.06,10,2021
2122,2021-10-23,SEA,0.0,10,2021
2123,2021-10-24,SEA,0.32,10,2021
2124,2021-10-25,SEA,0.21333333333333335,10,2021
2125,2021-10-26,SEA,0.38,10,2021
2126,2021-10-27,SEA,0.12,10,2021
2127,2021-10-28,SEA,1.99,10,2021
2128,2021-10-29,SEA,0.57,10,2021
2129,2021-10-30,SEA,0.0,10,2021
2130,2021-10-31,SEA,0.0,10,2021
2131,2021-11-01,SEA,0.14,11,2021
2132,2021-11-02,SEA,0.22,11,2021
2133,2021-11-03,SEA,0.165,11,2021
2134,2021-11-04,SEA,0.53,11,2021
2135,2021-11-05,SEA,0.1,11,2021
2136,2021-11-06,SEA,0.41,11,2021
2137,2021-11-07,SEA,0.5,11,2021
2138,2021-11-08,SEA,0.0,11,2021
2139,2021-11-09,SEA,0.63,11,2021
2140,2021-11-10,SEA,0.06,11,2021
2141,2021-11-11,SEA,1.26,11,2021
2142,2021-11-12,SEA,0.68,11,2021
2143,2021-11-13,SEA,0.94,11,2021
2144,2021-11-14,SEA,0.9,11,2021
2145,2021-11-15,SEA,0.2,11,2021
2146,2021-11-16,SEA,0.0,11,2021
2147,2021-11-17,SEA,0.0,11,2021
2148,2021-11-18,SEA,0.41,11,2021
2149,2021-11-19,SEA,0.13,11,2021
2150,2021-11-20,SEA,0.02,11,2021
2151,2021-11-21,SEA,0.0,11,2021
2152,2021-11-22,SEA,0.1,11,2021
2153,2021-11-23,SEA,0.5,11,2021
2154,2021-11-24,SEA,0.02,11,2021
2155,2021-11-25,SEA,0.69,11,2021
2156,2021-11-26,SEA,0.03,11,2021
2157,2021-11-27,SEA,0.05666666666666667,11,2021
2158,2021-11-28,SEA,0.01,11,2021
2159,2021-11-29,SEA,0.0,11,2021
2160,2021-11-30,SEA,0.23333333333333336,11,2021
2161,2021-12-01,SEA,0.0,12,2021
2162,2021-12-02,SEA,0.11,12,2021
2163,2021-12-03,SEA,0.0,12,2021
2164,2021-12-04,SEA,0.5566666666666668,12,2021
2165,2021-12-05,SEA,0.0,12,2021
2166,2021-12-06,SEA,0.19499999999999998,12,2021
2167,2021-12-07,SEA,0.07,12,2021
2168,2021-12-08,SEA,0.03,12,2021
2169,2021-12-09,SEA,0.0,12,2021
2170,2021-12-10,SEA,0.20333333333333337,12,2021
2171,2021-12-11,SEA,0.48,12,2021
2172,2021-12-12,SEA,0.17,12,2021
2173,2021-12-13,SEA,0.13,12,2021
2174,2021-12-14,SEA,0.11333333333333334,12,2021
2175,2021-12-15,SEA,0.08,12,2021
2176,2021-12-16,SEA,0.05,12,2021
2177,2021-12-17,SEA,0.18,12,2021
2178,2021-12-18,SEA,0.04666666666666667,12,2021
2179,2021-12-19,SEA,0.0,12,2021
2180,2021-12-20,SEA,0.26,12,2021
2181,2021-12-21,SEA,0.19,12,2021
2182,2021-12-22,SEA,0.77,12,2021
2183,2021-12-23,SEA,0.16,12,2021
2184,2021-12-24,SEA,0.33,12,2021
2185,2021-12-25,SEA,0.13,12,2021
2186,2021-12-26,SEA,0.26,12,2021
2187,2021-12-27,SEA,0.03,12,2021
2188,2021-12-28,SEA,0.08,12,2021
2189,2021-12-29,SEA,0.11666666666666665,12,2021
2190,2021-12-30,SEA,0.13,12,2021
2191,2021-12-31,SEA,0.0,12,2021
2192,2022-01-01,SEA,0.0,1,2022
2193,2022-01-02,SEA,0.79,1,2022
2194,2022-01-03,SEA,0.49,1,2022
2195,2022-01-04,SEA,0.22,1,2022
2196,2022-01-05,SEA,0.26666666666666666,1,2022
2197,2022-01-06,SEA,2.0,1,2022
2198,2022-01-07,SEA,0.38,1,2022
2199,2022-01-08,SEA,0.0,1,2022
2200,2022-01-09,SEA,0.0,1,2022
2201,2022-01-10,SEA,0.27,1,2022
2202,2022-01-11,SEA,1.7,1,2022
2203,2022-01-12,SEA,0.32,1,2022
2204,2022-01-13,SEA,0.24,1,2022
2205,2022-01-14,SEA,0.0,1,2022
2206,2022-01-15,SEA,0.0,1,2022
2207,2022-01-16,SEA,0.0,1,2022
2208,2022-01-17,SEA,0.02,1,2022
2209,2022-01-18,SEA,0.17333333333333334,1,2022
2210,2022-01-19,SEA,0.01,1,2022
2211,2022-01-20,SEA,0.16,1,2022
2212,2022-01-21,SEA,0.23,1,2022
2213,2022-01-22,SEA,0.0,1,2022
2214,2022-01-23,SEA,0.0,1,2022
2215,2022-01-24,SEA,0.0,1,2022
2216,2022-01-25,SEA,0.05333333333333334,1,2022
2217,2022-01-26,SEA,0.0,1,2022
2218,2022-01-27,SEA,0.27666666666666667,1,2022
2219,2022-01-28,SEA,0.0,1,2022
2220,2022-01-29,SEA,0.0,1,2022
2221,2022-01-30,SEA,0.28,1,2022
2222,2022-01-31,SEA,0.0,1,2022
2223,2022-02-01,SEA,0.6866666666666666,2,2022
2224,2022-02-02,SEA,0.0,2,2022
2225,2022-02-03,SEA,0.13,2,2022
2226,2022-02-04,SEA,0.03,2,2022
2227,2022-02-05,SEA,0.04,2,2022
2228,2022-02-06,SEA,0.0,2,2022
2229,2022-02-07,SEA,0.0,2,2022
2230,2022-02-08,SEA,0.0,2,2022
2231,2022-02-09,SEA,0.0,2,2022
2232,2022-02-10,SEA,0.0,2,2022
2233,2022-02-11,SEA,0.005,2,2022
2234,2022-02-12,SEA,0.07333333333333335,2,2022
2235,2022-02-13,SEA,0.45999999999999996,2,2022
2236,2022-02-14,SEA,0.1,2,2022
2237,2022-02-15,SEA,0.0,2,2022
2238,2022-02-16,SEA,0.0,2,2022
2239,2022-02-17,SEA,0.0,2,2022
2240,2022-02-18,SEA,0.0,2,2022
2241,2022-02-19,SEA,0.01,2,2022
2242,2022-02-20,SEA,0.36,2,2022
2243,2022-02-21,SEA,0.06,2,2022
2244,2022-02-22,SEA,0.0,2,2022
2245,2022-02-23,SEA,0.0,2,2022
2246,2022-02-24,SEA,0.0,2,2022
2247,2022-02-25,SEA,0.0,2,2022
2248,2022-02-26,SEA,0.36,2,2022
2249,2022-02-27,SEA,1.25,2,2022
2250,2022-02-28,SEA,2.97,2,2022
2251,2022-03-01,SEA,0.15,3,2022
2252,2022-03-02,SEA,0.25,3,2022
2253,2022-03-03,SEA,0.16,3,2022
2254,2022-03-04,SEA,0.29,3,2022
2255,2022-03-05,SEA,0.02,3,2022
2256,2022-03-06,SEA,0.0,3,2022
2257,2022-03-07,SEA,0.14,3,2022
2258,2022-03-08,SEA,0.08,3,2022
2259,2022-03-09,SEA,0.0,3,2022
2260,2022-03-10,SEA,0.0,3,2022
2261,2022-03-11,SEA,0.0,3,2022
2262,2022-03-12,SEA,0.02,3,2022
2263,2022-03-13,SEA,0.1,3,2022
2264,2022-03-14,SEA,0.59,3,2022
2265,2022-03-15,SEA,0.22,3,2022
2266,2022-03-16,SEA,0.0,3,2022
2267,2022-03-17,SEA,0.02,3,2022
2268,2022-03-18,SEA,0.21,3,2022
2269,2022-03-19,SEA,0.31,3,2022
2270,2022-03-20,SEA,0.21,3,2022
2271,2022-03-21,SEA,0.41,3,2022
2272,2022-03-22,SEA,0.02,3,2022
2273,2022-03-23,SEA,0.09,3,2022
2274,2022-03-24,SEA,0.05,3,2022
2275,2022-03-25,SEA,0.0,3,2022
2276,2022-03-26,SEA,0.01,3,2022
2277,2022-03-27,SEA,0.0,3,2022
2278,2022-03-28,SEA,0.0,3,2022
2279,2022-03-29,SEA,0.0,3,2022
2280,2022-03-30,SEA,0.0,3,2022
2281,2022-03-31,SEA,0.01,3,2022
2282,2022-04-01,SEA,0.05,4,2022
2283,2022-04-02,SEA,0.0,4,2022
2284,2022-04-03,SEA,0.23,4,2022
2285,2022-04-04,SEA,0.55,4,2022
2286,2022-04-05,SEA,0.01,4,2022
2287,2022-04-06,SEA,0.15,4,2022
2288,2022-04-07,SEA,0.0,4,2022
2289,2022-04-08,SEA,0.06,4,2022
2290,2022-04-09,SEA,0.23,4,2022
2291,2022-04-10,SEA,0.05,4,2022
2292,2022-04-11,SEA,0.02,4,2022
2293,2022-04-12,SEA,0.01,4,2022
2294,2022-04-13,SEA,0.0,4,2022
2295,2022-04-14,SEA,0.13,4,2022
2296,2022-04-15,SEA,0.006666666666666667,4,2022
2297,2022-04-16,SEA,0.01,4,2022
2298,2022-04-17,SEA,0.0,4,2022
2299,2022-04-18,SEA,0.23,4,2022
2300,2022-04-19,SEA,0.14,4,2022
2301,2022-04-20,SEA,0.08,4,2022
2302,2022-04-21,SEA,0.0,4,2022
2303,2022-04-22,SEA,0.04666666666666667,4,2022
2304,2022-04-23,SEA,0.0,4,2022
2305,2022-04-24,SEA,0.0,4,2022
2306,2022-04-25,SEA,0.14,4,2022
2307,2022-04-26,SEA,0.05,4,2022
2308,2022-04-27,SEA,0.0,4,2022
2309,2022-04-28,SEA,0.03,4,2022
2310,2022-04-29,SEA,0.14,4,2022
2311,2022-04-30,SEA,0.39,4,2022
2312,2022-05-01,SEA,0.0,5,2022
2313,2022-05-02,SEA,0.37,5,2022
2314,2022-05-03,SEA,0.0,5,2022
2315,2022-05-04,SEA,0.0,5,2022
2316,2022-05-05,SEA,0.2333333333333333,5,2022
2317,2022-05-06,SEA,0.64,5,2022
2318,2022-05-07,SEA,0.47,5,2022
2319,2022-05-08,SEA,0.02,5,2022
2320,2022-05-09,SEA,0.01,5,2022
2321,2022-05-10,SEA,0.0,5,2022
2322,2022-05-11,SEA,0.02,5,2022
2323,2022-05-12,SEA,0.29,5,2022
2324,2022-05-13,SEA,0.0,5,2022
2325,2022-05-14,SEA,0.03,5,2022
2326,2022-05-15,SEA,0.65,5,2022
2327,2022-05-16,SEA,0.0,5,2022
2328,2022-05-17,SEA,0.0,5,2022
2329,2022-05-18,SEA,0.24,5,2022
2330,2022-05-19,SEA,0.0,5,2022
2331,2022-05-20,SEA,0.005,5,2022
2332,2022-05-21,SEA,0.0,5,2022
2333,2022-05-22,SEA,0.0,5,2022
2334,2022-05-23,SEA,0.016666666666666666,5,2022
2335,2022-05-24,SEA,0.0,5,2022
2336,2022-05-25,SEA,0.02,5,2022
2337,2022-05-26,SEA,0.24,5,2022
2338,2022-05-27,SEA,0.0,5,2022
2339,2022-05-28,SEA,0.15,5,2022
2340,2022-05-29,SEA,0.23,5,2022
2341,2022-05-30,SEA,0.0,5,2022
2342,2022-05-31,SEA,0.0,5,2022
2343,2022-06-01,SEA,0.0,6,2022
2344,2022-06-02,SEA,0.03,6,2022
2345,2022-06-03,SEA,0.17,6,2022
2346,2022-06-04,SEA,0.27,6,2022
2347,2022-06-05,SEA,0.56,6,2022
2348,2022-06-06,SEA,0.0,6,2022
2349,2022-06-07,SEA,0.055,6,2022
2350,2022-06-08,SEA,0.0,6,2022
2351,2022-06-09,SEA,1.1,6,2022
2352,2022-06-10,SEA,0.17,6,2022
2353,2022-06-11,SEA,0.24000000000000002,6,2022
2354,2022-06-12,SEA,0.01,6,2022
2355,2022-06-13,SEA,0.11,6,2022
2356,2022-06-14,SEA,0.01,6,2022
2357,2022-06-15,SEA,0.0,6,2022
2358,2022-06-16,SEA,0.01,6,2022
2359,2022-06-17,SEA,0.16,6,2022
2360,2022-06-18,SEA,0.01,6,2022
2361,2022-06-19,SEA,0.0,6,2022
2362,2022-06-20,SEA,0.0,6,2022
2363,2022-06-21,SEA,0.0,6,2022
2364,2022-06-22,SEA,0.04,6,2022
2365,2022-06-23,SEA,0.0,6,2022
2366,2022-06-24,SEA,0.0,6,2022
2367,2022-06-25,SEA,0.0,6,2022
2368,2022-06-26,SEA,0.0,6,2022
2369,2022-06-27,SEA,0.0,6,2022
2370,2022-06-28,SEA,0.18666666666666668,6,2022
2371,2022-06-29,SEA,0.0,6,2022
2372,2022-06-30,SEA,0.0,6,2022
2373,2022-07-01,SEA,0.0,7,2022
2374,2022-07-02,SEA,0.0,7,2022
2375,2022-07-03,SEA,0.09,7,2022
2376,2022-07-04,SEA,0.0,7,2022
2377,2022-07-05,SEA,0.0,7,2022
2378,2022-07-06,SEA,0.05,7,2022
2379,2022-07-07,SEA,0.0,7,2022
2380,2022-07-08,SEA,0.0,7,2022
2381,2022-07-09,SEA,0.0,7,2022
2382,2022-07-10,SEA,0.0,7,2022
2383,2022-07-11,SEA,0.0,7,2022
2384,2022-07-12,SEA,0.0,7,2022
2385,2022-07-13,SEA,0.0,7,2022
2386,2022-07-14,SEA,0.0,7,2022
2387,2022-07-15,SEA,0.0,7,2022
2388,2022-07-16,SEA,0.0,7,2022
2389,2022-07-17,SEA,0.01,7,2022
2390,2022-07-18,SEA,0.01,7,2022
2391,2022-07-19,SEA,0.0,7,2022
2392,2022-07-20,SEA,0.0,7,2022
2393,2022-07-21,SEA,0.0,7,2022
2394,2022-07-22,SEA,0.0,7,2022
2395,2022-07-23,SEA,0.0,7,2022
2396,2022-07-24,SEA,0.0,7,2022
2397,2022-07-25,SEA,0.0,7,2022
2398,2022-07-26,SEA,0.0,7,2022
2399,2022-07-27,SEA,0.0,7,2022
2400,2022-07-28,SEA,0.0,7,2022
2401,2022-07-29,SEA,0.0,7,2022
2402,2022-07-30,SEA,0.0,7,2022
2403,2022-07-31,SEA,0.0,7,2022
2404,2022-08-01,SEA,0.0,8,2022
2405,2022-08-02,SEA,0.0,8,2022
2406,2022-08-03,SEA,0.0,8,2022
2407,2022-08-04,SEA,0.0,8,2022
2408,2022-08-05,SEA,0.0,8,2022
2409,2022-08-06,SEA,0.0,8,2022
2410,2022-08-07,SEA,0.03333333333333333,8,2022
2411,2022-08-08,SEA,0.0,8,2022
2412,2022-08-09,SEA,0.0,8,2022
2413,2022-08-10,SEA,0.03,8,2022
2414,2022-08-11,SEA,0.0,8,2022
2415,2022-08-12,SEA,0.0,8,2022
2416,2022-08-13,SEA,0.0,8,2022
2417,2022-08-14,SEA,0.0,8,2022
2418,2022-08-15,SEA,0.0,8,2022
2419,2022-08-16,SEA,0.0,8,2022
2420,2022-08-17,SEA,0.0,8,2022
2421,2022-08-18,SEA,0.0,8,2022
2422,2022-08-19,SEA,0.0,8,2022
2423,2022-08-20,SEA,0.0,8,2022
2424,2022-08-21,SEA,0.0,8,2022
2425,2022-08-22,SEA,0.0,8,2022
2426,2022-08-23,SEA,0.0,8,2022
2427,2022-08-24,SEA,0.0,8,2022
2428,2022-08-25,SEA,0.0,8,2022
2429,2022-08-26,SEA,0.0,8,2022
2430,2022-08-27,SEA,0.0,8,2022
2431,2022-08-28,SEA,0.0,8,2022
2432,2022-08-29,SEA,0.0,8,2022
2433,2022-08-30,SEA,0.0033333333333333335,8,2022
2434,2022-08-31,SEA,0.0,8,2022
2435,2022-09-01,SEA,0.0,9,2022
2436,2022-09-02,SEA,0.0,9,2022
2437,2022-09-03,SEA,0.06,9,2022
2438,2022-09-04,SEA,0.01,9,2022
2439,2022-09-05,SEA,0.0,9,2022
2440,2022-09-06,SEA,0.0,9,2022
2441,2022-09-07,SEA,0.0,9,2022
2442,2022-09-08,SEA,0.0,9,2022
2443,2022-09-09,SEA,0.0,9,2022
2444,2022-09-10,SEA,0.0,9,2022
2445,2022-09-11,SEA,0.0,9,2022
2446,2022-09-12,SEA,0.0,9,2022
2447,2022-09-13,SEA,0.0,9,2022
2448,2022-09-14,SEA,0.0,9,2022
2449,2022-09-15,SEA,0.0,9,2022
2450,2022-09-16,SEA,0.15,9,2022
2451,2022-09-17,SEA,0.0,9,2022
2452,2022-09-18,SEA,0.0,9,2022
2453,2022-09-19,SEA,0.09666666666666666,9,2022
2454,2022-09-20,SEA,0.0,9,2022
2455,2022-09-21,SEA,0.035,9,2022
2456,2022-09-22,SEA,0.005,9,2022
2457,2022-09-23,SEA,0.08666666666666667,9,2022
2458,2022-09-24,SEA,0.0,9,2022
2459,2022-09-25,SEA,0.0,9,2022
2460,2022-09-26,SEA,0.0,9,2022
2461,2022-09-27,SEA,0.0,9,2022
2462,2022-09-28,SEA,0.09,9,2022
2463,2022-09-29,SEA,0.0,9,2022
2464,2022-09-30,SEA,0.0,9,2022
2465,2022-10-01,SEA,0.0,10,2022
2466,2022-10-02,SEA,0.0,10,2022
2467,2022-10-03,SEA,0.0,10,2022
2468,2022-10-04,SEA,0.0,10,2022
2469,2022-10-05,SEA,0.0,10,2022
2470,2022-10-06,SEA,0.0,10,2022
2471,2022-10-07,SEA,0.0,10,2022
2472,2022-10-08,SEA,0.0,10,2022
2473,2022-10-09,SEA,0.0,10,2022
2474,2022-10-10,SEA,0.01,10,2022
2475,2022-10-11,SEA,0.0,10,2022
2476,2022-10-12,SEA,0.0,10,2022
2477,2022-10-13,SEA,0.0,10,2022
2478,2022-10-14,SEA,0.0,10,2022
2479,2022-10-15,SEA,0.0,10,2022
2480,2022-10-16,SEA,0.0,10,2022
2481,2022-10-17,SEA,0.0,10,2022
2482,2022-10-18,SEA,0.0,10,2022
2483,2022-10-19,SEA,0.0,10,2022
2484,2022-10-20,SEA,0.0,10,2022
2485,2022-10-21,SEA,0.31,10,2022
2486,2022-10-22,SEA,0.41,10,2022
2487,2022-10-23,SEA,0.0,10,2022
2488,2022-10-24,SEA,0.3433333333333333,10,2022
2489,2022-10-25,SEA,0.47,10,2022
2490,2022-10-26,SEA,0.0,10,2022
2491,2022-10-27,SEA,0.04,10,2022
2492,2022-10-28,SEA,0.28,10,2022
2493,2022-10-29,SEA,0.0,10,2022
2494,2022-10-30,SEA,0.006666666666666667,10,2022
2495,2022-10-31,SEA,0.64,10,2022
2496,2022-11-01,SEA,0.13,11,2022
2497,2022-11-02,SEA,0.05,11,2022
2498,2022-11-03,SEA,0.165,11,2022
2499,2022-11-04,SEA,0.21,11,2022
2500,2022-11-05,SEA,0.0,11,2022
2501,2022-11-06,SEA,0.5866666666666667,11,2022
2502,2022-11-07,SEA,0.23,11,2022
2503,2022-11-08,SEA,0.0,11,2022
2504,2022-11-09,SEA,0.0,11,2022
2505,2022-11-10,SEA,0.06,11,2022
2506,2022-11-11,SEA,0.0,11,2022
2507,2022-11-12,SEA,0.0,11,2022
2508,2022-11-13,SEA,0.0,11,2022
2509,2022-11-14,SEA,0.4633333333333334,11,2022
2510,2022-11-15,SEA,0.0,11,2022
2511,2022-11-16,SEA,0.0,11,2022
2512,2022-11-17,SEA,0.0,11,2022
2513,2022-11-18,SEA,0.0,11,2022
2514,2022-11-19,SEA,0.0,11,2022
2515,2022-11-20,SEA,0.0,11,2022
2516,2022-11-21,SEA,0.0,11,2022
2517,2022-11-22,SEA,1.2,11,2022
2518,2022-11-23,SEA,0.0,11,2022
2519,2022-11-24,SEA,0.0,11,2022
2520,2022-11-25,SEA,0.41,11,2022
2521,2022-11-26,SEA,0.16,11,2022
2522,2022-11-27,SEA,0.17,11,2022
2523,2022-11-28,SEA,0.02,11,2022
2524,2022-11-29,SEA,0.006666666666666667,11,2022
2525,2022-11-30,SEA,0.56,11,2022
2526,2022-12-01,SEA,0.02,12,2022
2527,2022-12-02,SEA,0.18000000000000002,12,2022
2528,2022-12-03,SEA,0.32,12,2022
2529,2022-12-04,SEA,0.31,12,2022
2530,2022-12-05,SEA,0.0,12,2022
2531,2022-12-06,SEA,0.04,12,2022
2532,2022-12-07,SEA,0.16666666666666666,12,2022
2533,2022-12-08,SEA,0.1,12,2022
2534,2022-12-09,SEA,0.4566666666666667,12,2022
2535,2022-12-10,SEA,0.3,12,2022
2536,2022-12-11,SEA,0.04,12,2022
2537,2022-12-12,SEA,0.18,12,2022
2538,2022-12-13,SEA,0.0,12,2022
2539,2022-12-14,SEA,0.0,12,2022
2540,2022-12-15,SEA,0.0,12,2022
2541,2022-12-16,SEA,0.0,12,2022
2542,2022-12-17,SEA,0.14,12,2022
2543,2022-12-18,SEA,0.02,12,2022
2544,2022-12-19,SEA,0.10333333333333333,12,2022
2545,2022-12-20,SEA,0.66,12,2022
2546,2022-12-21,SEA,0.0,12,2022
2547,2022-12-22,SEA,0.0,12,2022
2548,2022-12-23,SEA,0.35,12,2022
2549,2022-12-24,SEA,1.52,12,2022
2550,2022-12-25,SEA,0.45,12,2022
2551,2022-12-26,SEA,0.23,12,2022
2552,2022-12-27,SEA,0.27,12,2022
2553,2022-12-28,SEA,0.03,12,2022
2554,2022-12-29,SEA,0.35,12,2022
2555,2022-12-30,SEA,0.13,12,2022
2556,2022-12-31,SEA,0.01,12,2022
2557,2023-01-01,SEA,0.01,1,2023
2558,2023-01-02,SEA,0.0,1,2023
2559,2023-01-03,SEA,0.0,1,2023
2560,2023-01-04,SEA,0.02,1,2023
2561,2023-01-05,SEA,0.0,1,2023
2562,2023-01-06,SEA,0.12,1,2023
2563,2023-01-07,SEA,0.28,1,2023
2564,2023-01-08,SEA,0.3,1,2023
2565,2023-01-09,SEA,0.27,1,2023
2566,2023-01-10,SEA,0.0,1,2023
2567,2023-01-11,SEA,0.09,1,2023
2568,2023-01-12,SEA,0.46,1,2023
2569,2023-01-13,SEA,0.43,1,2023
2570,2023-01-14,SEA,0.06,1,2023
2571,2023-01-15,SEA,0.42,1,2023
2572,2023-01-16,SEA,0.0,1,2023
2573,2023-01-17,SEA,0.08,1,2023
2574,2023-01-18,SEA,0.18,1,2023
2575,2023-01-19,SEA,0.0,1,2023
2576,2023-01-20,SEA,0.0,1,2023
2577,2023-01-21,SEA,0.13,1,2023
2578,2023-01-22,SEA,0.03,1,2023
2579,2023-01-23,SEA,0.495,1,2023
2580,2023-01-24,SEA,0.0,1,2023
2581,2023-01-25,SEA,0.0,1,2023
2582,2023-01-26,SEA,0.03,1,2023
2583,2023-01-27,SEA,0.1,1,2023
2584,2023-01-28,SEA,0.08,1,2023
2585,2023-01-29,SEA,0.0,1,2023
2586,2023-01-30,SEA,0.0,1,2023
2587,2023-01-31,SEA,0.0,1,2023
2588,2023-02-01,SEA,0.0,2,2023
2589,2023-02-02,SEA,0.0,2,2023
2590,2023-02-03,SEA,0.21,2,2023
2591,2023-02-04,SEA,0.14,2,2023
2592,2023-02-05,SEA,0.18666666666666668,2,2023
2593,2023-02-06,SEA,0.02,2,2023
2594,2023-02-07,SEA,0.4,2,2023
2595,2023-02-08,SEA,0.0,2,2023
2596,2023-02-09,SEA,0.09,2,2023
2597,2023-02-10,SEA,0.0,2,2023
2598,2023-02-11,SEA,0.0,2,2023
2599,2023-02-12,SEA,0.01,2,2023
2600,2023-02-13,SEA,0.35,2,2023
2601,2023-02-14,SEA,0.0,2,2023
2602,2023-02-15,SEA,0.0,2,2023
2603,2023-02-16,SEA,0.0,2,2023
2604,2023-02-17,SEA,0.2,2,2023
2605,2023-02-18,SEA,0.03,2,2023
2606,2023-02-19,SEA,0.05,2,2023
2607,2023-02-20,SEA,0.22,2,2023
2608,2023-02-21,SEA,0.06,2,2023
2609,2023-02-22,SEA,0.02,2,2023
2610,2023-02-23,SEA,0.0,2,2023
2611,2023-02-24,SEA,0.0,2,2023
2612,2023-02-25,SEA,0.02,2,2023
2613,2023-02-26,SEA,0.28,2,2023
2614,2023-02-27,SEA,0.15,2,2023
2615,2023-02-28,SEA,0.04,2,2023
2616,2023-03-01,SEA,0.02,3,2023
2617,2023-03-02,SEA,0.16,3,2023
2618,2023-03-03,SEA,0.22,3,2023
2619,2023-03-04,SEA,0.39,3,2023
2620,2023-03-05,SEA,0.02,3,2023
2621,2023-03-06,SEA,0.01,3,2023
2622,2023-03-07,SEA,0.14,3,2023
2623,2023-03-08,SEA,0.01,3,2023
2624,2023-03-09,SEA,0.0,3,2023
2625,2023-03-10,SEA,0.16,3,2023
2626,2023-03-11,SEA,0.03,3,2023
2627,2023-03-12,SEA,0.030000000000000002,3,2023
2628,2023-03-13,SEA,0.03333333333333333,3,2023
2629,2023-03-14,SEA,0.42,3,2023
2630,2023-03-15,SEA,0.0,3,2023
2631,2023-03-16,SEA,0.0,3,2023
2632,2023-03-17,SEA,0.0,3,2023
2633,2023-03-18,SEA,0.175,3,2023
2634,2023-03-19,SEA,0.0,3,2023
2635,2023-03-20,SEA,0.14,3,2023
2636,2023-03-21,SEA,0.0,3,2023
2637,2023-03-22,SEA,0.0,3,2023
2638,2023-03-23,SEA,0.04,3,2023
2639,2023-03-24,SEA,0.0,3,2023
2640,2023-03-25,SEA,0.0,3,2023
2641,2023-03-26,SEA,0.0,3,2023
2642,2023-03-27,SEA,0.0,3,2023
2643,2023-03-28,SEA,0.0,3,2023
2644,2023-03-29,SEA,0.0,3,2023
2645,2023-03-30,SEA,0.0,3,2023
2646,2023-03-31,SEA,0.4,3,2023
2647,2023-04-01,SEA,0.02666666666666667,4,2023
2648,2023-04-02,SEA,0.25,4,2023
2649,2023-04-03,SEA,0.09,4,2023
2650,2023-04-04,SEA,0.18333333333333335,4,2023
2651,2023-04-05,SEA,0.0033333333333333335,4,2023
2652,2023-04-06,SEA,0.45,4,2023
2653,2023-04-07,SEA,0.09,4,2023
2654,2023-04-08,SEA,0.15,4,2023
2655,2023-04-09,SEA,0.56,4,2023
2656,2023-04-10,SEA,0.67,4,2023
2657,2023-04-11,SEA,0.09,4,2023
2658,2023-04-12,SEA,0.0,4,2023
2659,2023-04-13,SEA,0.0,4,2023
2660,2023-04-14,SEA,0.0,4,2023
2661,2023-04-15,SEA,0.02,4,2023
2662,2023-04-16,SEA,0.34,4,2023
2663,2023-04-17,SEA,0.05,4,2023
2664,2023-04-18,SEA,0.12,4,2023
2665,2023-04-19,SEA,0.02,4,2023
2666,2023-04-20,SEA,0.31,4,2023
2667,2023-04-21,SEA,0.0,4,2023
2668,2023-04-22,SEA,0.14,4,2023
2669,2023-04-23,SEA,0.46,4,2023
2670,2023-04-24,SEA,0.27,4,2023
2671,2023-04-25,SEA,0.0,4,2023
2672,2023-04-26,SEA,0.0,4,2023
2673,2023-04-27,SEA,0.0,4,2023
2674,2023-04-28,SEA,0.0,4,2023
2675,2023-04-29,SEA,0.0,4,2023
2676,2023-04-30,SEA,0.18000000000000002,4,2023
2677,2023-05-01,SEA,0.02,5,2023
2678,2023-05-02,SEA,0.01,5,2023
2679,2023-05-03,SEA,0.0,5,2023
2680,2023-05-04,SEA,0.05,5,2023
2681,2023-05-05,SEA,0.7,5,2023
2682,2023-05-06,SEA,0.21333333333333335,5,2023
2683,2023-05-07,SEA,0.0,5,2023
2684,2023-05-08,SEA,0.01,5,2023
2685,2023-05-09,SEA,0.03666666666666667,5,2023
2686,2023-05-10,SEA,0.0,5,2023
2687,2023-05-11,SEA,0.0,5,2023
2688,2023-05-12,SEA,0.0,5,2023
2689,2023-05-13,SEA,0.0,5,2023
2690,2023-05-14,SEA,0.0,5,2023
2691,2023-05-15,SEA,0.25333333333333335,5,2023
2692,2023-05-16,SEA,0.0,5,2023
2693,2023-05-17,SEA,0.0,5,2023
2694,2023-05-18,SEA,0.185,5,2023
2695,2023-05-19,SEA,0.0,5,2023
2696,2023-05-20,SEA,0.01,5,2023
2697,2023-05-21,SEA,0.0,5,2023
2698,2023-05-22,SEA,0.01,5,2023
2699,2023-05-23,SEA,0.0,5,2023
2700,2023-05-24,SEA,0.0,5,2023
2701,2023-05-25,SEA,0.0,5,2023
2702,2023-05-26,SEA,0.0,5,2023
2703,2023-05-27,SEA,0.0,5,2023
2704,2023-05-28,SEA,0.0,5,2023
2705,2023-05-29,SEA,0.0,5,2023
2706,2023-05-30,SEA,0.0,5,2023
2707,2023-05-31,SEA,0.0,5,2023
2708,2023-06-01,SEA,0.0,6,2023
2709,2023-06-02,SEA,0.0,6,2023
2710,2023-06-03,SEA,0.0,6,2023
2711,2023-06-04,SEA,0.0,6,2023
2712,2023-06-05,SEA,0.18666666666666668,6,2023
2713,2023-06-06,SEA,0.0,6,2023
2714,2023-06-07,SEA,0.0,6,2023
2715,2023-06-08,SEA,0.0,6,2023
2716,2023-06-09,SEA,0.19,6,2023
2717,2023-06-10,SEA,0.23,6,2023
2718,2023-06-11,SEA,0.24000000000000002,6,2023
2719,2023-06-12,SEA,0.065,6,2023
2720,2023-06-13,SEA,0.0,6,2023
2721,2023-06-14,SEA,0.0,6,2023
2722,2023-06-15,SEA,0.0,6,2023
2723,2023-06-16,SEA,0.13,6,2023
2724,2023-06-17,SEA,0.07,6,2023
2725,2023-06-18,SEA,0.17,6,2023
2726,2023-06-19,SEA,0.01,6,2023
2727,2023-06-20,SEA,0.42,6,2023
2728,2023-06-21,SEA,0.0,6,2023
2729,2023-06-22,SEA,0.0,6,2023
2730,2023-06-23,SEA,0.0,6,2023
2731,2023-06-24,SEA,0.0,6,2023
2732,2023-06-25,SEA,0.0,6,2023
2733,2023-06-26,SEA,0.0,6,2023
2734,2023-06-27,SEA,0.0,6,2023
2735,2023-06-28,SEA,0.0,6,2023
2736,2023-06-29,SEA,0.0,6,2023
2737,2023-06-30,SEA,0.0,6,2023
2738,2023-07-01,SEA,0.0,7,2023
2739,2023-07-02,SEA,0.0,7,2023
2740,2023-07-03,SEA,0.03,7,2023
2741,2023-07-04,SEA,0.0,7,2023
2742,2023-07-05,SEA,0.0,7,2023
2743,2023-07-06,SEA,0.0,7,2023
2744,2023-07-07,SEA,0.0,7,2023
2745,2023-07-08,SEA,0.0,7,2023
2746,2023-07-09,SEA,0.0,7,2023
2747,2023-07-10,SEA,0.0,7,2023
2748,2023-07-11,SEA,0.0,7,2023
2749,2023-07-12,SEA,0.0,7,2023
2750,2023-07-13,SEA,0.0,7,2023
2751,2023-07-14,SEA,0.0,7,2023
2752,2023-07-15,SEA,0.0,7,2023
2753,2023-07-16,SEA,0.0,7,2023
2754,2023-07-17,SEA,0.0,7,2023
2755,2023-07-18,SEA,0.0,7,2023
2756,2023-07-19,SEA,0.0,7,2023
2757,2023-07-20,SEA,0.0,7,2023
2758,2023-07-21,SEA,0.0,7,2023
2759,2023-07-22,SEA,0.0,7,2023
2760,2023-07-23,SEA,0.0,7,2023
2761,2023-07-24,SEA,0.09,7,2023
2762,2023-07-25,SEA,0.0,7,2023
2763,2023-07-26,SEA,0.0,7,2023
2764,2023-07-27,SEA,0.0,7,2023
2765,2023-07-28,SEA,0.0,7,2023
2766,2023-07-29,SEA,0.0,7,2023
2767,2023-07-30,SEA,0.0,7,2023
2768,2023-07-31,SEA,0.0,7,2023
2769,2023-08-01,SEA,0.0,8,2023
2770,2023-08-02,SEA,0.0,8,2023
2771,2023-08-03,SEA,0.0,8,2023
2772,2023-08-04,SEA,0.0,8,2023
2773,2023-08-05,SEA,0.02,8,2023
2774,2023-08-06,SEA,0.01,8,2023
2775,2023-08-07,SEA,0.02,8,2023
2776,2023-08-08,SEA,0.0,8,2023
2777,2023-08-09,SEA,0.0,8,2023
2778,2023-08-10,SEA,0.0,8,2023
2779,2023-08-11,SEA,0.0,8,2023
2780,2023-08-12,SEA,0.0,8,2023
2781,2023-08-13,SEA,0.0,8,2023
2782,2023-08-14,SEA,0.0,8,2023
2783,2023-08-15,SEA,0.0,8,2023
2784,2023-08-16,SEA,0.0,8,2023
2785,2023-08-17,SEA,0.0,8,2023
2786,2023-08-18,SEA,0.0,8,2023
2787,2023-08-19,SEA,0.0,8,2023
2788,2023-08-20,SEA,0.0,8,2023
2789,2023-08-21,SEA,0.0,8,2023
2790,2023-08-22,SEA,0.02,8,2023
2791,2023-08-23,SEA,0.04,8,2023
2792,2023-08-24,SEA,0.0,8,2023
2793,2023-08-25,SEA,0.02,8,2023
2794,2023-08-26,SEA,0.0,8,2023
2795,2023-08-27,SEA,0.0,8,2023
2796,2023-08-28,SEA,0.0,8,2023
2797,2023-08-29,SEA,0.0,8,2023
2798,2023-08-30,SEA,0.01,8,2023
2799,2023-08-31,SEA,0.02,8,2023
2800,2023-09-01,SEA,0.0,9,2023
2801,2023-09-02,SEA,0.0,9,2023
2802,2023-09-03,SEA,0.06,9,2023
2803,2023-09-04,SEA,0.07,9,2023
2804,2023-09-05,SEA,0.0,9,2023
2805,2023-09-06,SEA,0.0,9,2023
2806,2023-09-07,SEA,0.0,9,2023
2807,2023-09-08,SEA,0.0,9,2023
2808,2023-09-09,SEA,0.0,9,2023
2809,2023-09-10,SEA,0.0,9,2023
2810,2023-09-11,SEA,0.0,9,2023
2811,2023-09-12,SEA,0.05,9,2023
2812,2023-09-13,SEA,0.0,9,2023
2813,2023-09-14,SEA,0.0,9,2023
2814,2023-09-15,SEA,0.0,9,2023
2815,2023-09-16,SEA,0.0,9,2023
2816,2023-09-17,SEA,0.0,9,2023
2817,2023-09-18,SEA,0.11,9,2023
2818,2023-09-19,SEA,0.0,9,2023
2819,2023-09-20,SEA,0.41,9,2023
2820,2023-09-21,SEA,0.0,9,2023
2821,2023-09-22,SEA,0.005,9,2023
2822,2023-09-23,SEA,0.15,9,2023
2823,2023-09-24,SEA,0.61,9,2023
2824,2023-09-25,SEA,0.82,9,2023
2825,2023-09-26,SEA,0.6,9,2023
2826,2023-09-27,SEA,0.43,9,2023
2827,2023-09-28,SEA,0.13,9,2023
2828,2023-09-29,SEA,0.0,9,2023
2829,2023-09-30,SEA,0.0,9,2023
2830,2023-10-01,SEA,0.0,10,2023
2831,2023-10-02,SEA,0.0,10,2023
2832,2023-10-03,SEA,0.04,10,2023
2833,2023-10-04,SEA,0.0,10,2023
2834,2023-10-05,SEA,0.0,10,2023
2835,2023-10-06,SEA,0.0,10,2023
2836,2023-10-07,SEA,0.0,10,2023
2837,2023-10-08,SEA,0.0,10,2023
2838,2023-10-09,SEA,0.03,10,2023
2839,2023-10-10,SEA,0.38,10,2023
2840,2023-10-11,SEA,0.39,10,2023
2841,2023-10-12,SEA,0.0,10,2023
2842,2023-10-13,SEA,0.12,10,2023
2843,2023-10-14,SEA,0.0,10,2023
2844,2023-10-15,SEA,0.04,10,2023
2845,2023-10-16,SEA,0.57,10,2023
2846,2023-10-17,SEA,0.06,10,2023
2847,2023-10-18,SEA,0.0,10,2023
2848,2023-10-19,SEA,0.0,10,2023
2849,2023-10-20,SEA,0.0,10,2023
2850,2023-10-21,SEA,0.0,10,2023
2851,2023-10-22,SEA,0.17333333333333334,10,2023
2852,2023-10-23,SEA,0.0,10,2023
2853,2023-10-24,SEA,0.6,10,2023
2854,2023-10-25,SEA,0.17,10,2023
2855,2023-10-26,SEA,0.0,10,2023
2856,2023-10-27,SEA,0.0,10,2023
2857,2023-10-28,SEA,0.0,10,2023
2858,2023-10-29,SEA,0.0,10,2023
2859,2023-10-30,SEA,0.0,10,2023
2860,2023-10-31,SEA,0.0,10,2023
2861,2023-11-01,SEA,0.41,11,2023
2862,2023-11-02,SEA,0.87,11,2023
2863,2023-11-03,SEA,0.33,11,2023
2864,2023-11-04,SEA,1.14,11,2023
2865,2023-11-05,SEA,0.31,11,2023
2866,2023-11-06,SEA,1.03,11,2023
2867,2023-11-07,SEA,0.0,11,2023
2868,2023-11-08,SEA,0.0,11,2023
2869,2023-11-09,SEA,0.14,11,2023
2870,2023-11-10,SEA,0.06,11,2023
2871,2023-11-11,SEA,0.45,11,2023
2872,2023-11-12,SEA,0.26,11,2023
2873,2023-11-13,SEA,0.05,11,2023
2874,2023-11-14,SEA,0.0,11,2023
2875,2023-11-15,SEA,0.0,11,2023
2876,2023-11-16,SEA,0.0,11,2023
2877,2023-11-17,SEA,0.0,11,2023
2878,2023-11-18,SEA,0.27,11,2023
2879,2023-11-19,SEA,0.0,11,2023
2880,2023-11-20,SEA,0.0,11,2023
2881,2023-11-21,SEA,0.17,11,2023
2882,2023-11-22,SEA,0.65,11,2023
2883,2023-11-23,SEA,0.0,11,2023
2884,2023-11-24,SEA,0.04666666666666666,11,2023
2885,2023-11-25,SEA,0.41,11,2023
2886,2023-11-26,SEA,0.0,11,2023
2887,2023-11-27,SEA,0.0,11,2023
2888,2023-11-28,SEA,0.0,11,2023
2889,2023-11-29,SEA,0.0,11,2023
2890,2023-11-30,SEA,0.14,11,2023
2891,2023-12-01,SEA,0.63,12,2023
2892,2023-12-02,SEA,0.43,12,2023
2893,2023-12-03,SEA,0.22,12,2023
2894,2023-12-04,SEA,1.36,12,2023
2895,2023-12-05,SEA,2.39,12,2023
2896,2023-12-06,SEA,0.35,12,2023
2897,2023-12-07,SEA,0.4,12,2023
2898,2023-12-08,SEA,0.0,12,2023
2899,2023-12-09,SEA,0.64,12,2023
2900,2023-12-10,SEA,0.14,12,2023
2901,2023-12-11,SEA,0.0,12,2023
2902,2023-12-12,SEA,0.0,12,2023
2903,2023-12-13,SEA,0.043333333333333335,12,2023
2904,2023-12-14,SEA,0.14,12,2023
2905,2023-12-15,SEA,0.0,12,2023
2906,2023-12-16,SEA,0.0,12,2023
2907,2023-12-17,SEA,0.0,12,2023
2908,2023-12-18,SEA,0.05,12,2023
2909,2023-12-19,SEA,0.12,12,2023
2910,2023-12-20,SEA,0.0,12,2023
2911,2023-12-21,SEA,0.0,12,2023
2912,2023-12-22,SEA,0.67,12,2023
2913,2023-12-23,SEA,0.0,12,2023
2914,2023-12-24,SEA,0.0,12,2023
2915,2023-12-25,SEA,0.59,12,2023
2916,2023-12-26,SEA,0.09,12,2023
2917,2023-12-27,SEA,0.1,12,2023
2918,2023-12-28,SEA,0.08,12,2023
2919,2023-12-29,SEA,0.0,12,2023
2920,2023-12-30,SEA,0.1,12,2023
2921,2023-12-31,SEA,0.0,12,2023
